merchant_id,merchant_name,area,avg_price,score,main_scene,business_hours,dish_feature
M0001,湘味王,涟源市,35,4.4,学生午餐,11:30-15:00,盖浇饭
M0002,炸串小栈,娄星区,32,4.8,学生夜宵,19:00-00:00,炸土豆
M0003,粥香居,娄星区,7,4.3,学生早餐,06:30-10:30,白粥
M0004,米粉小铺,娄星区,15,4.5,学生早餐,06:00-10:00,青树坪肉片粉
M0005,快餐达人馆,冷水江市,30,4.1,学生午餐,19:00-00:00,羊肉汤
M0006,撸串吧,新化县,44,4.0,夜宵,19:00-00:00,烤鸡翅
M0007,湘味小厨,双峰县,35,4.4,工作日午餐,10:00-22:00,盖浇饭
M0008,优雅小栈,娄星区,60,4.7,情侣约会,09:30-22:30,披萨
M0009,蒸包达人,娄星区,15,3.9,学生早餐,07:00-11:00,奶黄包
M0010,素味小栈,冷水江市,13,4.4,学生晚餐,17:00-22:00,素食套餐
M0011,米粉世家,新化县,10,4.5,学生早餐,07:00-11:00,三鲜粉
M0012,火锅天地,娄星区,51,3.6,周末聚餐,09:30-22:30,烤生蚝
M0013,特色小栈,双峰县,84,4.4,情侣约会,10:00-22:00,烛光晚餐
M0014,烤串天地,双峰县,60,3.9,夜宵,18:00-01:00,烤牛肉串
M0015,面品小馆,娄星区,10,4.7,学生早餐,07:00-11:00,拉面
M0016,美食自助,新化县,71,4.5,周末聚餐,10:30-21:30,中西结合自助
M0017,海鲜之家,涟源市,80,4.2,周末聚餐,06:30-10:30,椒盐虾
M0018,日韩小馆,新化县,57,4.2,周末聚餐,20:00-01:00,寿司
M0019,烧烤小栈,涟源市,54,3.8,周末聚餐,18:00-01:00,烤羊肉串
M0020,素味之家,冷水江市,15,4.0,学生晚餐,10:30-21:30,素炒时蔬
M0021,韩尚宫,双峰县,50,4.4,夜宵,18:00-02:00,寿司
M0022,乡里人家,涟源市,25,4.1,学生午餐,11:00-14:00,辣椒炒肉
M0023,甜品达人,娄星区,30,4.5,甜品,06:00-10:00,布丁
M0024,小龙虾天地,双峰县,60,4.1,夜宵,17:00-23:00,蒜蓉小龙虾
M0025,娄底老味道,娄星区,12,3.9,小吃,10:30-21:30,刮凉粉
M0026,粉品达人,双峰县,20,4.5,午餐,11:30-15:00,三鲜粉
M0027,新化餐馆,新化县,40,4.4,周末聚餐,10:30-21:30,三合汤
M0028,风味达人,双峰县,14,3.7,小吃,11:30-15:00,甜酒冲蛋
M0029,鱼烤天下,冷水江市,56,4.7,周末聚餐,11:30-15:00,泡椒烤鱼
M0030,暖心粥屋,娄星区,6,4.3,学生早餐,06:30-10:30,黑米粥
M0031,新化味道,新化县,39,4.6,周末聚餐,10:30-21:30,三合汤
M0032,粉香源,娄星区,15,4.1,学生用餐,09:30-22:30,牛肉粉
M0033,中式快餐厅,新化县,20,4.7,外卖,10:00-22:00,小炒黄牛肉
M0034,鱼烤天地,冷水江市,50,4.0,周末聚餐,17:00-23:00,泡椒烤鱼
M0035,泰味天地,双峰县,56,3.6,周末聚餐,17:00-22:00,咖喱鸡
M0036,中西自助,涟源市,60,3.8,周末聚餐,07:00-11:00,海鲜自助
M0037,鱼道之家,新化县,71,4.4,周末聚餐,12:00-14:30,蒜香烤鱼
M0038,湘味小厨,双峰县,24,4.6,学生午餐,09:30-22:30,辣椒炒肉
M0039,新化菜王,娄星区,57,4.4,工作日午餐,11:30-15:00,水车鱼冻
M0040,烤翻天,娄星区,54,3.7,工作日晚餐,18:00-01:00,烤羊肉串
M0041,咖啡天地,涟源市,34,4.2,甜品,11:00-14:00,蛋糕
M0042,料理之家,娄星区,89,4.7,周末聚餐,11:30-15:00,刺身
M0043,好粥道,娄星区,12,4.4,学生早餐,07:00-11:00,皮蛋瘦肉粥
M0044,面王,新化县,25,4.2,工作日午餐,11:00-14:00,拉面
M0045,甜品达人馆,双峰县,44,3.9,甜品,17:30-22:30,布丁
M0046,重庆小面,冷水江市,25,3.8,学生晚餐,17:30-22:30,汉堡
M0047,娄底咖啡,涟源市,33,4.5,甜品,10:00-22:00,三明治
M0048,咖啡源,新化县,28,4.4,甜品,09:30-22:30,拿铁
M0049,泰味达人,娄星区,50,3.9,周末聚餐,10:30-21:30,冬阴功汤
M0050,粉香门第,娄星区,21,4.7,工作日午餐,11:00-14:00,新化粗粉
M0051,家常湘味,冷水江市,35,3.6,工作日晚餐,16:00-21:00,盖浇饭
M0052,面香园,双峰县,15,3.9,学生晚餐,19:00-22:00,拉面
M0053,粉道人家,娄星区,21,4.6,工作日午餐,11:00-14:00,炒粉
M0054,鱼道小栈,新化县,50,3.8,周末午餐,11:30-15:00,蒜香烤鱼
M0055,粥铺达人,娄星区,6,4.6,学生早餐,06:00-10:00,小米粥
M0056,新化粗粉王,双峰县,18,4.4,学生用餐,10:30-21:30,牛肉粉
M0057,小吃天地,双峰县,12,4.4,小吃,10:00-22:00,甜酒冲蛋
M0058,咖啡之园,娄星区,22,4.7,情侣约会,10:00-22:00,卡布奇诺
M0059,娄底自助王,新化县,60,3.6,周末聚餐,09:30-22:30,烤肉自助
M0060,湘里湘亲,娄星区,35,4.6,工作日午餐,10:00-22:00,酸辣土豆丝
M0061,日韩小栈,娄星区,59,4.6,周末聚餐,06:00-10:00,寿司
M0062,海之味,冷水江市,66,3.6,下午茶,13:30-17:30,椒盐虾
M0063,甜品天地,娄星区,50,4.2,周末早餐,06:30-10:30,冰淇淋
M0064,快餐之家,涟源市,30,4.2,外卖,09:30-22:30,炒饭
M0065,炸串天地,冷水江市,54,3.5,学生夜宵,19:00-00:00,炸土豆
M0066,面铺小栈,娄星区,35,4.3,周末午餐,11:00-14:00,牛肉面
M0067,娄底烧烤王,新化县,55,3.8,朋友聚会,17:30-22:30,烤鸡翅
M0068,鲜之味,冷水江市,95,4.5,下午茶,13:30-17:30,蒜蓉粉丝扇贝
M0069,小吃小栈,双峰县,15,4.8,工作日午餐,11:30-15:00,糖油粑粑
M0070,张亮麻辣烫,娄星区,40,4.6,下午茶,14:00-17:00,汉堡
M0071,特色小馆,冷水江市,44,3.8,学生夜宵,19:00-00:00,土家族合渣
M0072,粥道坊,娄星区,12,4.5,学生早餐,07:00-11:00,白粥
M0073,海味达人,冷水江市,80,4.3,学生夜宵,19:00-00:00,蒜蓉粉丝扇贝
M0074,鱼道馆,双峰县,97,4.7,商务聚餐,16:00-23:00,酸菜烤鱼
M0075,娄底小龙虾王,新化县,70,4.4,情侣约会,17:00-01:00,椒盐小龙虾
M0076,中式快餐王,冷水江市,30,4.0,情侣约会,10:00-22:00,炒菜
M0077,料理达人,新化县,61,3.8,学生早餐,07:00-11:00,烤肉
M0078,东南亚小馆,娄星区,50,3.9,学生夜宵,18:00-02:00,菠萝饭
M0079,过桥米线,娄星区,40,3.7,工作日晚餐,18:00-23:00,可乐
M0080,烤肉天地,娄星区,63,4.4,周末聚餐,10:00-22:00,鸳鸯火锅
M0081,东南亚之家,冷水江市,65,4.6,学生夜宵,19:00-00:00,沙爹
M0082,快餐小栈,新化县,30,3.9,周末午餐,11:00-14:00,米饭套餐
M0083,娄底味道,娄星区,35,4.4,商务聚餐,10:00-22:00,青菜
M0084,甜品小栈,娄星区,50,3.8,家庭聚餐,10:30-21:30,冰淇淋
M0085,南洋小栈,新化县,79,4.4,夜宵,19:00-00:00,沙爹
M0086,烤肉小栈,新化县,79,4.3,夜宵,19:00-00:00,麻辣火锅
M0087,面香居,冷水江市,35,4.2,朋友聚会,10:00-22:00,拉面
M0088,中式快餐园,娄星区,30,3.9,家庭聚餐,10:30-21:30,面条
M0089,粉道馆,娄星区,65,4.2,学生用餐,10:00-22:00,炒粉
M0090,烤肉自助,新化县,62,4.6,亲子聚餐,10:00-22:00,火锅自助
M0091,食尚快餐,娄星区,30,4.4,外卖,09:30-22:30,米饭套餐
M0092,蒸笼天地,娄星区,15,3.6,工作日早餐,07:00-11:00,豆沙包
M0093,粉道缘,娄星区,33,4.5,工作日午餐,11:30-15:00,炒粉
M0094,民俗餐厅,双峰县,40,3.6,户外用餐,10:30-21:30,湘西土匪鸭
M0095,双峰米粉馆,娄星区,54,4.5,工作日午餐,11:30-15:00,牛肉粉
M0096,寿司小栈,娄星区,50,4.6,情侣约会,09:30-22:30,寿司
M0097,虾闹人生,冷水江市,60,3.9,外卖,16:00-02:00,清蒸小龙虾
M0098,料理小馆,涟源市,51,3.5,情侣约会,10:00-22:00,寿司
M0099,烤鱼达人,娄星区,50,3.8,商务宴请,16:00-23:00,蒜香烤鱼
M0100,双峰米粉王,娄星区,15,4.6,学生早餐,07:00-11:00,猪油拌粉
M0101,虾说美食,娄星区,64,4.7,夜宵,18:00-02:00,清蒸小龙虾
M0102,安徽板面,娄星区,40,4.6,学生午餐,11:00-14:00,薯条
M0103,烤串部落,双峰县,100,4.4,节日聚餐,17:00-02:00,烤羊肉串
M0104,虾闹天地,新化县,61,4.2,周末晚餐,17:00-01:00,蒜蓉小龙虾
M0105,粉香源,新化县,17,4.7,工作日早餐,06:00-10:00,肉丝粉
M0106,虾闹小馆,娄星区,60,4.6,工作日午餐,12:00-14:30,十三香小龙虾
M0107,涮烤小铺,新化县,139,4.5,周末聚餐,09:30-22:30,清汤火锅
M0108,西餐达人馆,娄星区,82,4.1,周末早餐,06:00-10:00,意面
M0109,串烧坊,冷水江市,52,3.6,学生夜宵,19:00-00:00,炸香蕉
M0110,料理天地,娄星区,65,4.5,学生夜宵,19:00-00:00,刺身
M0111,小吃小铺,双峰县,24,3.6,学生用餐,10:30-21:30,糖油粑粑
M0112,烤肉小栈,双峰县,66,4.6,周末午餐,11:30-15:00,刺身
M0113,必胜客,涟源市,40,3.7,情侣约会,10:00-22:00,薯条
M0114,家常小铺,新化县,30,3.9,家庭聚餐,10:30-21:30,面条
M0115,自助小栈,新化县,155,4.6,学生午餐,12:00-14:30,火锅自助
M0116,泰味园,娄星区,50,3.8,夜宵,20:00-01:00,青木瓜沙拉
M0117,东南亚小铺,涟源市,92,4.7,周末早餐,07:00-11:00,沙爹
M0118,新化美食,娄星区,53,4.0,周末聚餐,10:30-21:30,向东街米粉
M0119,湘情苑,新化县,48,4.6,周末聚餐,10:00-22:00,小炒黄牛肉
M0120,烤肉小铺,涟源市,50,3.9,家庭聚餐,10:00-22:00,拉面
M0121,素味小铺,冷水江市,49,3.9,学生晚餐,17:00-22:00,蔬菜沙拉
M0122,火锅部落,娄星区,58,3.5,夜宵,20:00-01:00,麻辣火锅
M0123,文化天地,娄星区,40,4.6,学生早餐,07:00-11:00,怀化芷江鸭
M0124,烧烤天地,双峰县,45,3.5,商务聚餐,18:00-01:00,烤五花肉
M0125,烤串王,娄星区,100,4.5,节日聚餐,19:00-00:00,烤牛肉串
M0126,串香门第,娄星区,19,4.1,学生夜宵,20:00-01:00,炸香蕉
M0127,辣妹子湘菜馆,娄星区,35,4.2,下午茶,13:30-17:30,盖浇饭
M0128,好再来包子,娄星区,15,3.6,工作日早餐,06:30-10:30,豆沙包
M0129,养生粥铺,娄星区,12,4.4,学生早餐,07:00-11:00,南瓜粥
M0130,小龙虾达人馆,新化县,78,4.6,学生晚餐,18:00-01:00,麻辣小龙虾
M0131,东南亚美食,双峰县,53,4.0,下午茶,14:00-17:00,菠萝饭
M0132,娄底小吃王,双峰县,28,3.7,工作日午餐,11:30-15:00,刮凉粉
M0133,欧陆餐厅,新化县,60,4.8,商务宴请,10:30-21:30,披萨
M0134,优雅时光,双峰县,60,4.6,工作日晚餐,17:00-22:00,烤羊排
M0135,主题小栈,双峰县,40,3.7,学生夜宵,19:00-00:00,竹筒饭
M0136,风味小吃,双峰县,15,3.8,学生用餐,10:30-21:30,糖油粑粑
M0137,牛排达人,娄星区,81,4.7,学生晚餐,17:00-22:00,烤羊排
M0138,虾道人家,新化县,60,4.7,学生晚餐,18:00-00:00,椒盐小龙虾
M0139,甜蜜小铺,新化县,50,4.2,夜宵,19:00-00:00,奶茶
M0140,烤鱼天地,冷水江市,119,4.6,下午茶,17:00-22:30,麻辣烤鱼
M0141,糖心小栈,冷水江市,50,4.3,商务宴请,10:30-21:30,蛋糕
M0142,虾道馆,娄星区,60,4.5,工作日晚餐,17:00-01:00,十三香小龙虾
M0143,娄底米粉馆,娄星区,25,4.1,工作日早餐,06:00-10:00,肉丝粉
M0144,老北京炸酱面,新化县,40,4.3,周末早餐,06:30-10:30,三明治
M0145,蒸笼达人,娄星区,15,4.6,工作日早餐,06:00-10:00,奶黄包
M0146,快餐达人,娄星区,30,3.8,节日聚餐,10:30-21:30,面条
M0147,面道馆,冷水江市,35,4.8,周末晚餐,17:00-22:00,拉面
M0148,文化餐厅,双峰县,54,3.9,商务宴请,10:30-21:30,怀化芷江鸭
M0149,浪漫西餐厅,新化县,60,3.9,学生早餐,06:00-10:00,烤羊排
M0150,包子达人,娄星区,15,4.7,工作日早餐,06:00-10:00,奶黄包
M0151,虾道小栈,涟源市,60,3.8,户外用餐,16:00-02:00,清蒸小龙虾
M0152,包子达人馆,娄星区,15,4.4,工作日早餐,07:00-11:00,红糖馒头
M0153,杨国福麻辣烫,冷水江市,40,4.3,情侣约会,10:30-21:30,可乐
M0154,甜品小铺,新化县,50,4.0,工作日晚餐,17:00-22:00,冰淇淋
M0155,一日三餐,娄星区,30,4.0,工作日晚餐,17:00-22:00,炒菜
M0156,虾道之家,娄星区,60,3.9,学生夜宵,18:00-02:00,麻辣小龙虾
M0157,新化厨坊,新化县,75,4.2,早餐,06:00-10:00,新化三合汤
M0158,娄底烤鱼王,双峰县,100,4.5,学生午餐,11:30-15:00,麻辣烤鱼
M0159,素味园,新化县,60,4.3,学生夜宵,19:00-00:00,素炒时蔬
M0160,烧烤江湖,新化县,68,4.5,夜宵,17:30-22:30,烤鸡翅
M0161,粉香园,新化县,19,3.8,工作日早餐,07:00-11:00,肉丝粉
M0162,小吃之家,娄星区,26,4.0,学生用餐,09:30-22:30,甜酒冲蛋
M0163,娄底包子铺,娄星区,15,4.8,工作日早餐,06:30-10:30,豆沙包
M0164,向东街老粉店,新化县,12,3.9,工作日早餐,06:00-10:00,三鲜粉
M0165,烤肉小馆,双峰县,60,3.9,户外用餐,10:30-21:30,甜点自助
M0166,素味天地,新化县,52,4.5,情侣约会,10:30-21:30,素食套餐
M0167,粥香人家,娄星区,12,4.6,学生早餐,07:00-11:00,南瓜粥
M0168,风味小栈,双峰县,15,3.8,工作日午餐,11:00-14:00,刮凉粉
M0169,米粉达人,娄星区,22,4.0,工作日早餐,06:00-10:00,猪油拌粉
M0170,自助天地,双峰县,71,4.3,夜宵,19:00-00:00,甜点自助
M0171,粉香居,双峰县,56,3.7,学生用餐,10:30-21:30,牛肉粉
M0172,辣妹子湘菜馆,娄星区,73,4.3,工作日午餐,11:30-15:00,经典辣椒炒肉
M0173,绿色小馆,双峰县,67,4.7,工作日晚餐,17:00-22:00,蔬菜沙拉
M0174,烤肉达人,娄星区,52,3.7,周末聚餐,10:00-22:00,鸳鸯火锅
M0175,新化小厨,新化县,35,4.6,亲子聚餐,10:00-22:00,向东街米粉
M0176,娄底老灶台,娄星区,35,3.8,周末晚餐,17:30-22:30,汤
M0177,素食天地,双峰县,48,4.2,学生夜宵,20:00-01:00,素炒时蔬
M0178,泰式小馆,冷水江市,62,4.3,学生午餐,11:30-15:00,沙爹
M0179,东南亚小栈,新化县,51,3.8,工作日晚餐,17:30-22:30,沙爹
M0180,火锅自助,冷水江市,60,3.7,户外用餐,10:30-21:30,火锅自助
M0181,蒸包小铺,娄星区,15,4.7,工作日早餐,06:30-10:30,鲜肉包
M0182,故事小铺,冷水江市,62,4.4,周末午餐,11:30-15:00,苗家酸汤鱼
M0183,寿司部落,涟源市,54,4.4,朋友聚会,10:30-21:30,石锅拌饭
M0184,咖啡园,新化县,79,4.1,家庭聚餐,10:30-21:30,拿铁
M0185,美食天地,双峰县,60,4.2,下午茶,14:00-17:00,中西结合自助
M0186,鱼火冲天,双峰县,50,3.5,朋友聚会,18:00-22:00,蒜香烤鱼
M0187,鱼烤人生,新化县,56,3.9,朋友聚会,18:00-22:00,泡椒烤鱼
M0188,文化小馆,双峰县,40,3.7,学生早餐,06:00-10:00,邵阳猪血丸子
M0189,包子门第,娄星区,15,3.8,工作日早餐,07:00-11:00,豆沙包
M0190,海鲜小馆,新化县,99,4.4,外卖,10:30-21:30,清蒸鱼
M0191,绝味鸭脖,冷水江市,40,4.8,周末晚餐,17:00-22:00,汉堡
M0192,爵士西餐厅,双峰县,82,4.4,夜宵,19:00-00:00,牛排
M0193,主题达人,新化县,40,3.9,情侣约会,10:30-21:30,湘西土匪鸭
M0194,小吃园,娄星区,18,4.3,工作日午餐,11:30-15:00,糖油粑粑
M0195,欧洲美食,冷水江市,60,3.9,户外用餐,10:30-21:30,牛排
M0196,粉之道正餐,双峰县,67,4.3,工作日午餐,11:30-15:00,三鲜粉
M0197,包子王,娄星区,15,3.7,工作日早餐,06:00-10:00,青菜包
M0198,故事餐厅,冷水江市,82,4.4,工作日午餐,12:00-14:30,土家腊肉
M0199,咖啡部落,冷水江市,34,4.0,家庭聚餐,10:30-21:30,三明治
M0200,蒸功夫,娄星区,15,4.5,工作日早餐,07:00-11:00,鲜肉包
M0201,东南亚园,冷水江市,50,3.5,家庭聚餐,10:00-22:00,咖喱鸡
M0202,向东街老菜馆,新化县,53,4.2,工作日午餐,12:00-14:30,新化三合汤
M0203,虾达人,涟源市,79,4.6,夜宵,18:00-01:00,蒜蓉小龙虾
M0204,炸串江湖,冷水江市,28,4.5,夜宵,20:00-01:00,炸里脊肉
M0205,烤鱼达人馆,双峰县,59,4.4,朋友聚会,16:00-23:00,酸菜烤鱼
M0206,美食达人,冷水江市,60,4.6,工作日晚餐,17:30-22:30,海鲜自助
M0207,自助小馆,娄星区,60,4.0,学生早餐,07:00-11:00,烤肉自助
M0208,面道人家,新化县,35,4.4,学生午餐,11:00-14:00,拉面
M0209,娄底小铺,娄星区,15,4.0,学生用餐,09:30-22:30,糖油粑粑
M0210,咖啡缘,涟源市,36,3.9,朋友聚会,10:30-21:30,拿铁
M0211,撸串部落,涟源市,76,4.8,下午茶,19:00-00:00,烤羊肉串
M0212,湘西风情,娄星区,62,3.5,周末午餐,11:30-15:00,叫花鸡
M0213,咖啡馆,娄星区,25,4.5,商务宴请,10:30-21:30,卡布奇诺
M0214,新化美食园,新化县,51,3.8,亲子聚餐,09:30-22:30,向东街米粉
M0215,撸串吧,冷水江市,42,4.8,夜宵,20:00-01:00,炸香蕉
M0216,湘味人家,双峰县,40,4.4,周末聚餐,09:30-22:30,小炒黄牛肉
M0217,素食园,双峰县,48,4.7,夜宵,19:00-00:00,豆腐煲
M0218,东南亚天地,双峰县,50,4.1,学生早餐,07:00-11:00,沙爹
M0219,樱花料理,涟源市,58,4.4,商务宴请,10:30-21:30,刺身
M0220,养生粥馆,娄星区,12,4.4,学生早餐,06:30-10:30,黑米粥
M0221,湘情小馆,娄星区,45,3.9,学生用餐,09:30-22:30,剁椒鱼头
M0222,时光咖啡,新化县,70,4.7,外卖,10:30-21:30,拿铁
M0223,湘味园,娄星区,35,4.4,亲子聚餐,09:30-22:30,盖浇饭
M0224,鲜之天地,娄星区,80,4.3,商务宴请,09:30-22:30,清蒸鱼
M0225,小吃达人馆,双峰县,20,4.6,学生用餐,10:00-22:00,糖油粑粑
M0226,日韩天地,冷水江市,101,4.5,商务聚餐,10:00-22:00,寿司
M0227,素味人生,娄星区,28,3.8,周末晚餐,17:30-22:30,豆腐煲
M0228,烤肉之家,娄星区,86,4.4,周末聚餐,10:00-22:00,烤生蚝
M0229,风味之家,娄星区,26,4.4,学生用餐,09:30-22:30,糖油粑粑
M0230,面道缘,冷水江市,35,4.6,周末早餐,06:30-10:30,牛肉面
M0231,面香门第,新化县,35,4.1,夜宵,20:00-01:00,羊肉面
M0232,湘里湘亲,娄星区,64,3.9,学生用餐,10:00-22:00,剁椒鱼头
M0233,甜蜜达人,新化县,44,3.8,工作日午餐,11:30-15:00,冰淇淋
M0234,粉品小馆,双峰县,48,3.8,学生用餐,10:00-22:00,排骨粉
M0235,新化三合汤,新化县,59,4.4,早餐,06:00-10:00,向东街米粉
M0236,火锅达人馆,新化县,50,3.8,夜宵,18:00-02:00,鸳鸯火锅
M0237,新化人家,新化县,61,4.4,早餐,06:30-10:30,白溪豆腐
M0238,粉香门第,娄星区,13,4.4,工作日早餐,06:00-10:00,牛肉粉
M0239,涮烤一体,娄星区,82,4.3,夜宵,18:00-02:00,烤羊肉串
M0240,包子园,娄星区,15,3.9,工作日早餐,06:00-10:00,鲜肉包
M0241,向东街粉店,娄星区,58,4.1,工作日午餐,11:00-14:00,三鲜粉
M0242,包子之家,娄星区,15,4.5,工作日早餐,07:00-11:00,青菜包
M0243,甜蜜之家,涟源市,50,4.4,亲子聚餐,10:30-21:30,蛋糕
M0244,素食达人,新化县,48,3.7,情侣约会,09:30-22:30,素食套餐
M0245,糖心甜品,冷水江市,50,4.3,户外用餐,09:30-22:30,布丁
M0246,素味小馆,冷水江市,44,3.8,下午茶,13:30-17:30,素食套餐
M0247,湘味王,双峰县,59,4.1,亲子聚餐,10:30-21:30,剁椒鱼头
M0248,素食之家,娄星区,25,4.0,工作日晚餐,17:00-22:00,素食套餐
M0249,自助达人馆,双峰县,60,4.5,学生晚餐,17:30-22:30,中西结合自助
M0250,湘韵人家,娄星区,34,4.1,工作日午餐,11:30-15:00,盖浇饭
M0251,黄焖鸡米饭,娄星区,40,4.6,节日聚餐,10:00-22:00,薯条
M0252,素食达人馆,双峰县,44,3.9,工作日午餐,12:00-14:30,素炒时蔬
M0253,故事天地,涟源市,53,3.8,亲子聚餐,10:30-21:30,苗家酸汤鱼
M0254,虾闹小铺,娄星区,91,4.4,夜宵,18:00-01:00,麻辣小龙虾
M0255,粥品轩,娄星区,12,3.8,学生早餐,06:30-10:30,南瓜粥
M0256,海味之家,冷水江市,80,3.6,商务宴请,09:30-22:30,蒜蓉粉丝扇贝
M0257,辣不怕,娄星区,30,4.6,周末晚餐,17:00-22:00,盖浇饭
M0258,风情小栈,新化县,79,4.4,工作日早餐,07:00-11:00,怀化芷江鸭
M0259,娄底粉铺,娄星区,12,3.6,学生早餐,07:00-11:00,三鲜粉
M0260,糖心小馆,双峰县,50,4.8,学生午餐,11:30-15:00,蛋糕
M0261,烤鱼小铺,冷水江市,50,3.8,周末晚餐,18:00-22:00,蒜香烤鱼
M0262,湘韵人家,娄星区,64,3.5,周末聚餐,10:30-21:30,辣椒炒肉
M0263,泰式达人馆,冷水江市,51,4.0,亲子聚餐,10:00-22:00,青木瓜沙拉
M0264,小龙虾小栈,冷水江市,60,3.8,周末午餐,11:30-15:00,椒盐小龙虾
M0265,粉之道馆,娄星区,24,3.9,工作日早餐,06:30-10:30,猪油拌粉
M0266,烤肉部落,新化县,143,4.5,周末聚餐,09:30-22:30,烤生蚝
M0267,娄底故事,新化县,80,3.5,学生夜宵,19:00-00:00,土家腊肉
M0268,撸串小栈,冷水江市,53,4.3,学生夜宵,19:00-00:00,烤五花肉
M0269,老地方湘菜馆,冷水江市,82,4.4,商务聚餐,09:30-22:30,双色剁椒鱼头
M0270,娄底老灶台,娄星区,86,4.0,商务聚餐,09:30-22:30,辣椒炒肉
M0271,湘食记,双峰县,48,3.9,周末聚餐,09:30-22:30,经典辣椒炒肉
M0272,面达人,新化县,35,4.2,商务宴请,10:00-22:00,炸酱面
M0273,小吃达人,娄星区,18,3.8,工作日午餐,11:30-15:00,甜酒冲蛋
M0274,自助之家,双峰县,71,4.4,学生夜宵,18:00-02:00,火锅自助
M0275,粉品轩,娄星区,38,4.3,工作日午餐,11:30-15:00,炒粉
M0276,牛排馆,涟源市,60,4.1,学生早餐,06:30-10:30,烤羊排
M0277,涮烤部落,新化县,60,3.8,夜宵,18:00-02:00,清汤火锅
M0278,泰味之家,双峰县,45,4.6,工作日早餐,07:00-11:00,咖喱鸡
M0279,海鲜天地,新化县,89,4.3,下午茶,14:00-17:00,椒盐虾
M0280,新化粗粉店,新化县,22,4.3,学生早餐,07:00-11:00,牛肉粉
M0281,烟火炸串,娄星区,17,4.6,夜宵,19:00-00:00,炸香蕉
M0282,烟火烤吧,涟源市,48,4.6,周末午餐,12:00-14:30,烤五花肉
M0283,包子小栈,娄星区,15,4.6,工作日早餐,06:00-10:00,豆沙包
M0284,养生粥屋,娄星区,12,4.2,学生早餐,06:00-10:00,小米粥
M0285,烤肉之家,冷水江市,65,4.1,亲子聚餐,10:30-21:30,拉面
M0286,火锅自助达人,涟源市,60,4.7,工作日早餐,07:00-11:00,烤肉自助
M0287,烟火烧烤,涟源市,56,4.5,家庭聚餐,18:00-01:00,烤鸡翅
M0288,暖心粥铺,娄星区,12,4.2,学生早餐,07:00-11:00,小米粥
M0289,咖啡小馆,双峰县,46,4.8,周末午餐,12:00-14:30,蛋糕
M0290,粉之道,新化县,13,3.8,学生早餐,06:00-10:00,肉片粉
M0291,串烧王,娄星区,60,4.1,夜宵,19:00-00:00,炸里脊肉
M0292,寿司达人,涟源市,107,4.4,商务聚餐,09:30-22:30,石锅拌饭
M0293,烤肉王,新化县,52,4.5,夜宵,19:00-00:00,鸳鸯火锅
M0294,粥品小馆,娄星区,12,4.2,学生早餐,06:30-10:30,皮蛋瘦肉粥
M0295,海味园,冷水江市,80,4.4,学生早餐,06:30-10:30,椒盐虾
M0296,新化小馆,娄星区,47,4.7,工作日午餐,11:30-15:00,向东街米粉
M0297,娄底海鲜王,涟源市,80,3.5,户外用餐,10:00-22:00,清蒸鱼
M0298,咖啡达人,冷水江市,55,3.5,工作日早餐,06:30-10:30,美式咖啡
M0299,新化菜馆,娄星区,53,4.4,工作日午餐,12:00-14:30,糁子粑
M0300,泰式风情,冷水江市,53,4.5,朋友聚会,10:30-21:30,咖喱鸡
M0301,煌上煌,新化县,40,4.3,学生午餐,11:30-15:00,炸鸡
M0302,糖衣炮弹,双峰县,28,4.6,外卖,10:00-22:00,蛋糕
M0303,浪漫时光,新化县,64,4.5,工作日早餐,07:00-11:00,牛排
M0304,咖啡之家,双峰县,80,4.4,工作日晚餐,17:30-22:30,蛋糕
M0305,串说人生,娄星区,55,3.8,夜宵,18:00-02:00,炸里脊肉
M0306,粥香园,娄星区,12,4.2,学生早餐,06:30-10:30,小米粥
M0307,粥香源,娄星区,12,4.2,学生早餐,06:30-10:30,南瓜粥
M0308,麦当劳,新化县,40,4.3,周末晚餐,18:00-23:00,汉堡
M0309,娄底老小吃,娄星区,15,4.1,学生用餐,10:00-22:00,糖油粑粑
M0310,南洋小馆,涟源市,50,3.9,周末早餐,07:00-11:00,菠萝饭
M0311,甜品园,双峰县,50,4.6,学生夜宵,19:00-00:00,奶茶
M0312,湘味轩,双峰县,64,3.5,亲子聚餐,09:30-22:30,小炒黄牛肉
M0313,老娄底粉店,新化县,16,4.2,学生早餐,07:00-11:00,牛肉粉
M0314,糖衣小栈,冷水江市,50,4.4,外卖,10:30-21:30,糖水
M0315,火锅小栈,新化县,70,4.6,周末聚餐,09:30-22:30,麻辣火锅
M0316,娄底粉王,娄星区,25,3.8,工作日早餐,07:00-11:00,牛肉粉
M0317,海鲜达人馆,新化县,80,4.6,情侣约会,10:00-22:00,蒜蓉粉丝扇贝
M0318,海鲜小栈,冷水江市,83,4.6,商务聚餐,10:30-21:30,鲍鱼
M0319,烟火烧烤王,双峰县,99,4.5,节日聚餐,18:00-01:00,烤牛肉串
M0320,甜在心,涟源市,50,4.0,商务宴请,10:00-22:00,冰淇淋
M0321,家常便饭,涟源市,30,3.9,家庭聚餐,10:30-21:30,炒饭
M0322,成都小吃,新化县,40,4.3,商务宴请,10:00-22:00,炸鸡
M0323,食尚小铺,双峰县,30,4.6,户外用餐,10:00-22:00,汤
M0324,自助达人,冷水江市,68,4.7,工作日晚餐,18:00-23:00,火锅自助
M0325,涮烤小栈,新化县,50,3.9,周末聚餐,10:00-22:00,鸳鸯火锅
M0326,面香源,双峰县,35,4.7,周末午餐,11:00-14:00,拉面
M0327,牛排天地,娄星区,60,4.3,工作日早餐,06:00-10:00,意面
M0328,海味小栈,双峰县,80,4.6,学生午餐,12:00-14:30,蒜蓉粉丝扇贝
M0329,火锅烤肉王,新化县,69,4.7,周末聚餐,10:00-22:00,烤生蚝
M0330,民俗小馆,冷水江市,52,4.7,工作日午餐,12:00-14:30,侗族腌鱼
M0331,蒸包世家,娄星区,15,3.8,工作日早餐,07:00-11:00,豆沙包
M0332,烤肉自助王,娄星区,60,4.1,亲子聚餐,10:30-21:30,烤肉自助
M0333,烤肉天地,涟源市,89,4.7,朋友聚会,09:30-22:30,拉面
M0334,串说美食,娄星区,60,4.2,夜宵,19:00-00:00,炸土豆
M0335,面铺达人,冷水江市,35,4.8,学生午餐,11:30-15:00,炸酱面
M0336,粥道馆,娄星区,12,4.2,学生早餐,06:30-10:30,黑米粥
M0337,浪漫小馆,双峰县,60,3.9,亲子聚餐,09:30-22:30,牛排
M0338,咖啡小栈,涟源市,80,4.3,情侣约会,10:00-22:00,拿铁
M0339,火锅之家,新化县,50,3.7,周末聚餐,10:00-22:00,鸳鸯火锅
M0340,新化餐馆,娄星区,43,3.8,亲子聚餐,09:30-22:30,新化三合汤
M0341,地道娄底味,娄星区,15,4.4,学生用餐,09:30-22:30,葱油饼
M0342,蒸笼世家,娄星区,15,4.3,工作日早餐,06:30-10:30,青菜包
M0343,新化味道,娄星区,76,4.3,周末聚餐,10:30-21:30,向东街米粉
M0344,辣不怕,娄星区,48,4.7,周末聚餐,10:00-22:00,辣椒炒肉
M0345,风情餐厅,冷水江市,75,4.3,周末早餐,07:00-11:00,苗家酸汤鱼
M0346,小龙虾小铺,双峰县,60,3.9,工作日晚餐,17:00-01:00,清蒸小龙虾
M0347,烤鱼园,冷水江市,75,4.4,周末晚餐,17:30-22:30,酸菜烤鱼
M0348,咖啡居,娄星区,72,4.6,周末早餐,06:30-10:30,蛋糕
M0349,快而美,双峰县,30,4.7,夜宵,18:00-02:00,面条
M0350,青树坪米粉王,新化县,16,4.1,学生早餐,07:00-11:00,牛肉粉
M0351,烧烤达人馆,冷水江市,42,3.7,朋友聚会,19:00-00:00,烤鸡翅
M0352,向东街老菜馆,新化县,58,3.5,亲子聚餐,10:00-22:00,新化三合汤
M0353,火锅小栈,冷水江市,60,4.8,下午茶,14:00-17:00,火锅自助
M0354,娄底湘菜馆,冷水江市,35,3.7,学生夜宵,18:00-02:00,小炒肉饭
M0355,特色天地,新化县,94,4.8,户外用餐,10:00-22:00,苗家酸汤鱼
M0356,家常快餐,娄星区,30,4.4,周末晚餐,17:30-22:30,炒菜
M0357,鱼烤部落,冷水江市,57,3.9,学生午餐,12:00-14:30,豆豉烤鱼
M0358,串烧人生,娄星区,22,4.6,夜宵,20:00-01:00,炸土豆
M0359,绿色餐厅,涟源市,50,4.0,夜宵,19:00-00:00,豆腐煲
M0360,小吃部落,娄星区,19,4.6,学生用餐,10:00-22:00,糖油粑粑
M0361,新化人家,新化县,75,4.3,早餐,06:00-10:00,糁子粑
M0362,中西自助园,娄星区,60,4.2,下午茶,13:30-17:30,中西结合自助
M0363,肯德基,涟源市,40,3.5,工作日早餐,06:30-10:30,汉堡
M0364,湘味园,双峰县,44,3.9,亲子聚餐,09:30-22:30,辣椒炒肉
M0365,娄底炸串王,冷水江市,35,4.4,学生夜宵,19:00-00:00,臭豆腐
M0366,炸串小铺,冷水江市,30,4.3,夜宵,18:00-02:00,炸里脊肉
M0367,鱼说美食,冷水江市,50,4.2,周末晚餐,18:00-23:00,香辣烤鱼
M0368,湘菜王,新化县,59,4.4,工作日午餐,11:00-14:00,辣椒炒肉
M0369,海味天地,娄星区,86,4.3,下午茶,14:00-17:00,蒜蓉粉丝扇贝
M0370,西餐之家,新化县,60,4.2,周末午餐,11:30-15:00,沙拉
M0371,甜蜜时光,娄星区,50,3.8,情侣约会,10:30-21:30,布丁
M0372,粉香居,娄星区,20,4.6,工作日早餐,06:30-10:30,肉丝粉
M0373,南洋味道,冷水江市,63,4.4,周末午餐,11:00-14:00,冬阴功汤
M0374,鱼烤小铺,娄星区,50,4.6,户外用餐,16:00-23:00,麻辣烤鱼
M0375,撸串达人,娄星区,52,3.5,夜宵,19:00-00:00,炸年糕
M0376,涮烤天地,娄星区,50,3.6,周末聚餐,10:30-21:30,麻辣火锅
M0377,面品世家,双峰县,35,3.5,工作日晚餐,17:30-22:30,刀削面
M0378,食尚快餐王,新化县,30,4.4,下午茶,13:30-17:30,炒菜
M0379,粉香园,娄星区,47,4.4,学生用餐,10:00-22:00,排骨粉
M0380,包子小铺,娄星区,15,4.1,工作日早餐,06:30-10:30,青菜包
M0381,娄底风味,双峰县,29,4.4,学生用餐,09:30-22:30,糖油粑粑
M0382,烤鱼小栈,冷水江市,52,4.3,商务宴请,16:00-23:00,蒜香烤鱼
M0383,娄底人家,娄星区,66,4.2,周末聚餐,10:00-22:00,经典辣椒炒肉
M0384,粥铺小栈,娄星区,12,4.2,学生早餐,07:00-11:00,皮蛋瘦肉粥
M0385,粉铺达人,娄星区,65,4.3,学生用餐,10:00-22:00,牛肉粉
M0386,华莱士,娄星区,40,4.8,商务聚餐,09:30-22:30,汉堡
M0387,鱼道达人,涟源市,78,4.4,工作日晚餐,17:00-22:30,香辣烤鱼
M0388,寿司之家,娄星区,62,3.9,下午茶,13:30-17:30,寿司
M0389,食尚中式,涟源市,30,4.4,学生午餐,11:30-15:00,面条
M0390,新化人家,娄星区,42,4.1,早餐,06:30-10:30,白溪豆腐
M0391,粥道人家,娄星区,12,4.5,学生早餐,07:00-11:00,黑米粥
M0392,撸串部落,娄星区,20,4.7,学生夜宵,19:00-00:00,臭豆腐
M0393,乡里人家,冷水江市,58,3.9,商务聚餐,10:30-21:30,剁椒鱼头
M0394,咖啡世家,新化县,80,4.6,夜宵,19:00-00:00,蛋糕
M0395,西餐达人,娄星区,60,3.5,节日聚餐,09:30-22:30,沙拉
M0396,老湘亲,双峰县,70,4.4,商务聚餐,09:30-22:30,剁椒鱼头
M0397,日韩园,双峰县,114,4.6,学生晚餐,17:00-22:00,刺身
M0398,火锅达人,新化县,50,4.5,周末聚餐,10:00-22:00,烤生蚝
M0399,娄底人家,涟源市,35,4.7,周末午餐,11:30-15:00,小炒肉饭
M0400,小龙虾园,涟源市,60,4.7,朋友聚会,16:00-02:00,麻辣小龙虾
M0401,绿色家园,新化县,48,3.9,学生夜宵,19:00-00:00,素炒时蔬
M0402,快餐小铺,双峰县,30,3.8,情侣约会,09:30-22:30,炒菜
M0403,粉品世家,娄星区,59,4.4,工作日午餐,11:30-15:00,牛肉粉
M0404,欧洲风情,冷水江市,74,4.7,周末晚餐,17:30-22:30,牛排
M0405,米粉正餐王,双峰县,37,3.7,学生用餐,10:30-21:30,三鲜粉
M0406,小龙虾部落,新化县,60,4.4,户外用餐,16:00-02:00,蒜蓉小龙虾
M0407,虾闹江湖,冷水江市,61,4.1,夜宵,19:00-00:00,蒜蓉小龙虾
M0408,清心素食,涟源市,56,4.0,户外用餐,09:30-22:30,素炒时蔬
M0409,老地方粉店,娄星区,16,4.6,工作日早餐,07:00-11:00,牛肉粉
M0410,米粉世家,双峰县,60,4.2,工作日午餐,11:30-15:00,炒粉
M0411,糖衣天地,冷水江市,50,4.3,情侣约会,10:00-22:00,冰淇淋
M0412,绿色达人,涟源市,75,4.1,学生夜宵,20:00-01:00,蔬菜沙拉
M0413,绿色素食,双峰县,54,4.6,商务聚餐,09:30-22:30,菌菇汤
M0414,撸串达人,冷水江市,57,4.4,节日聚餐,19:00-00:00,烤鸡翅
M0415,涮烤达人,新化县,50,3.8,周末聚餐,10:30-21:30,麻辣火锅
M0416,日韩达人,双峰县,50,3.9,学生早餐,06:00-10:00,刺身
M0417,南洋风情,娄星区,50,4.1,亲子聚餐,09:30-22:30,沙爹
M0418,素食小栈,娄星区,48,3.7,亲子聚餐,10:00-22:00,蔬菜沙拉
M0419,风味小栈,双峰县,15,4.5,工作日午餐,11:00-14:00,葱油饼
M0420,牛排小栈,涟源市,65,4.3,朋友聚会,09:30-22:30,披萨
M0421,新化美食,娄星区,67,4.4,工作日午餐,11:00-14:00,向东街米粉
M0422,南洋味道,新化县,52,4.6,家庭聚餐,10:00-22:00,冬阴功汤
M0423,湘情苑,涟源市,35,4.8,周末早餐,06:30-10:30,汤
M0424,咖啡园,冷水江市,80,4.3,学生晚餐,17:30-22:30,美式咖啡
M0425,汉堡王,双峰县,40,4.5,下午茶,13:30-17:30,可乐
M0426,咖啡馆,涟源市,43,4.4,亲子聚餐,10:00-22:00,拿铁
M0427,快客中式快餐,新化县,30,4.4,学生夜宵,20:00-01:00,炒菜
M0428,烤肉小栈,双峰县,87,4.4,学生夜宵,19:00-00:00,拉面
M0429,西餐小馆,冷水江市,66,4.4,周末晚餐,18:00-23:00,沙拉
M0430,风情达人,冷水江市,72,4.5,周末午餐,12:00-14:30,邵阳猪血丸子
M0431,娄底面馆,双峰县,34,3.8,商务宴请,09:30-22:30,拉面
M0432,素食之家,涟源市,44,4.7,工作日早餐,06:30-10:30,豆腐煲
M0433,欧陆风情,涟源市,67,4.7,商务宴请,10:00-22:00,烤羊排
M0434,优雅西餐厅,双峰县,60,4.3,户外用餐,09:30-22:30,牛排
M0435,鲜之园,涟源市,84,4.3,周末午餐,11:30-15:00,鲍鱼
M0436,蒸功夫包子,娄星区,15,4.7,工作日早餐,07:00-11:00,鲜肉包
M0437,湘味轩,娄星区,35,4.5,户外用餐,10:30-21:30,小炒肉饭
M0438,虾道达人,冷水江市,60,3.9,学生夜宵,18:00-02:00,蒜蓉小龙虾
M0439,鲜之小铺,冷水江市,141,4.6,节日聚餐,10:00-22:00,蒜蓉粉丝扇贝
M0440,面品轩,双峰县,35,4.6,下午茶,14:00-17:00,牛肉面
M0441,海鲜达人,娄星区,80,4.3,情侣约会,09:30-22:30,鲍鱼
M0442,鱼烤小馆,双峰县,50,3.8,夜宵,17:30-22:30,酸菜烤鱼
M0443,粥道缘,娄星区,12,3.8,学生早餐,06:00-10:00,南瓜粥
M0444,娄底老粉铺,娄星区,23,4.6,工作日早餐,07:00-11:00,猪油拌粉
M0445,老湘亲,涟源市,35,4.3,商务聚餐,10:30-21:30,酸辣土豆丝
M0446,炸串达人,娄星区,56,4.2,夜宵,19:00-00:00,炸土豆
M0447,正新鸡排,双峰县,40,4.0,商务聚餐,09:30-22:30,三明治
M0448,粉铺小栈,娄星区,53,4.5,工作日午餐,12:00-14:30,新化粗粉
M0449,德克士,新化县,40,4.2,亲子聚餐,09:30-22:30,三明治
M0450,包子之家,娄星区,15,4.1,工作日早餐,07:00-11:00,鲜肉包
M0451,夜猫子炸串,娄星区,30,4.7,学生夜宵,20:00-01:00,臭豆腐
M0452,鸡公煲,新化县,40,3.8,外卖,10:30-21:30,三明治
M0453,咖啡小栈,娄星区,47,3.7,节日聚餐,10:00-22:00,卡布奇诺
M0454,娄底正餐米粉,娄星区,37,4.5,工作日午餐,11:00-14:00,三鲜粉
M0455,鲜之小馆,双峰县,80,4.4,工作日早餐,06:00-10:00,椒盐虾
M0456,面品达人,冷水江市,30,4.5,商务聚餐,10:00-22:00,牛肉面
M0457,兰州拉面,冷水江市,40,4.2,外卖,10:00-22:00,炸鸡
M0458,湘情小馆,双峰县,35,4.4,工作日午餐,11:30-15:00,小炒肉饭
M0459,粥香门第,娄星区,12,4.6,学生早餐,06:00-10:00,南瓜粥
M0460,甜蜜园,双峰县,50,4.5,商务宴请,09:30-22:30,蛋糕
M0461,咖啡小馆,涟源市,65,4.3,下午茶,13:30-17:30,蛋糕
M0462,泰味达人,冷水江市,78,3.7,情侣约会,09:30-22:30,菠萝饭
M0463,家常快餐王,冷水江市,30,3.5,家庭聚餐,10:00-22:00,面条
M0464,烤串达人,娄星区,43,3.6,家庭聚餐,17:00-02:00,烤牛肉串
M0465,甜品之家,新化县,50,4.3,朋友聚会,10:00-22:00,布丁
M0466,民俗天地,新化县,50,4.6,工作日午餐,11:30-15:00,叫花鸡
M0467,娄底湘菜馆,娄星区,57,4.4,工作日午餐,11:00-14:00,双色剁椒鱼头
M0468,火锅天地,娄星区,50,4.0,周末聚餐,09:30-22:30,烤生蚝
M0469,烧烤部落,新化县,33,3.7,下午茶,18:00-01:00,烤鸡翅
M0470,乡里人家,双峰县,59,4.4,学生用餐,09:30-22:30,剁椒鱼头
M0471,沙县小吃,娄星区,40,4.6,朋友聚会,10:30-21:30,炸鸡
M0472,小吃天地,双峰县,15,4.8,学生用餐,10:00-22:00,糖油粑粑
M0473,鱼烤天地,双峰县,57,4.4,情侣约会,17:00-22:30,酸菜烤鱼
M0474,粥品世家,娄星区,12,3.6,学生早餐,07:00-11:00,黑米粥
M0475,米粉小栈,新化县,20,3.7,工作日早餐,07:00-11:00,猪油拌粉
M0476,中西小馆,新化县,69,4.0,户外用餐,10:00-22:00,中西结合自助
M0477,面香人家,双峰县,35,3.7,周末晚餐,17:00-22:00,拉面
M0478,海鲜园,冷水江市,80,4.5,周末晚餐,17:30-22:30,鲍鱼
M0479,炸翻天,冷水江市,39,4.3,学生夜宵,19:00-00:00,炸里脊肉
M0480,面王,新化县,35,3.9,商务宴请,09:30-22:30,牛肉面
M0481,老地方湘菜馆,新化县,35,4.3,户外用餐,10:30-21:30,酸辣土豆丝
M0482,深夜烤吧,冷水江市,47,3.9,节日聚餐,19:00-00:00,烤茄子
M0483,蓝调西餐厅,娄星区,60,3.8,周末午餐,11:30-15:00,牛排
M0484,面道人家,涟源市,35,4.5,学生早餐,06:30-10:30,羊肉面
M0485,烧烤坊,冷水江市,48,4.5,商务宴请,19:00-00:00,烤鸡翅
M0486,咖啡部落,双峰县,54,4.0,工作日早餐,07:00-11:00,卡布奇诺
M0487,新化味道,娄星区,61,4.4,周末聚餐,09:30-22:30,向东街米粉
M0488,包子达人,娄星区,15,4.5,工作日早餐,06:00-10:00,红糖馒头
M0489,面道缘,双峰县,35,4.6,工作日午餐,11:30-15:00,炸酱面
M0490,湘食记,冷水江市,35,4.2,亲子聚餐,09:30-22:30,汤
M0491,虾闹小铺,双峰县,60,4.5,朋友聚会,18:00-00:00,清蒸小龙虾
M0492,深夜炸串,娄星区,45,4.7,夜宵,19:00-00:00,炸里脊肉
M0493,主题餐厅,双峰县,57,3.9,学生早餐,06:00-10:00,侗族腌鱼
M0494,中式快餐达人,新化县,30,4.2,商务宴请,09:30-22:30,面条
M0495,海鲜之家,新化县,80,4.6,外卖,09:30-22:30,椒盐虾
M0496,新化人家,新化县,41,4.7,早餐,07:00-11:00,向东街米粉
M0497,烤肉自助,娄星区,60,4.3,朋友聚会,10:30-21:30,中西结合自助
M0498,甜蜜时光,冷水江市,50,3.9,周末早餐,07:00-11:00,布丁
M0499,湘中美食,双峰县,35,4.5,家庭聚餐,10:30-21:30,青菜
M0500,串烧部落,娄星区,22,4.7,夜宵,19:00-00:00,炸香蕉
