user_id,age,gender,location,occupation,preference_cuisine,preference_price_range,preference_scene,registration_date
U0001,50,男,涟源市,工程师,川菜,高档,家庭聚餐,2025-07-11
U0002,33,男,娄星区,公务员,川菜,高档,学生午餐,2025-05-07
U0003,18,女,新化县,学生,小吃,经济型,学生午餐,2025-07-09
U0004,59,女,双峰县,自由职业者,川菜,高档,商务聚餐,2025-10-04
U0005,19,男,新化县,上班族,素食,高档,夜宵,2025-10-19
U0006,32,女,双峰县,学生,西餐,经济型,学生夜宵,2025-04-14
U0007,54,女,冷水江市,自由职业者,西餐,中档,商务聚餐,2025-02-16
U0008,46,男,双峰县,学生,日韩料理,经济型,学生早餐,2026-01-30
U0009,54,男,冷水江市,其他,湘菜,中档,商务宴请,2025-10-08
U0010,38,男,涟源市,工程师,小吃,中档,工作日晚餐,2025-12-25
U0011,24,女,双峰县,其他,西餐,高档,商务聚餐,2025-08-14
U0012,30,男,新化县,医生,小吃,经济型,亲子聚餐,2025-09-01
U0013,42,女,新化县,上班族,日韩料理,高档,商务聚餐,2025-05-18
U0014,59,女,新化县,工程师,小吃,中档,家庭聚餐,2025-02-06
U0015,30,女,新化县,医生,粤菜,经济型,早餐,2026-01-17
U0016,40,男,新化县,工程师,快餐,经济型,学生夜宵,2025-06-18
U0017,39,女,双峰县,工程师,湘菜,高档,夜宵,2025-11-20
U0018,22,女,冷水江市,工程师,快餐,高档,小吃,2026-01-25
U0019,39,男,双峰县,上班族,粤菜,高档,朋友聚会,2025-05-01
U0020,45,女,新化县,医生,粤菜,中档,商务宴请,2025-02-14
U0021,54,女,涟源市,其他,粤菜,中档,商务聚餐,2025-05-11
U0022,35,女,双峰县,工程师,快餐,高档,周末午餐,2025-04-08
U0023,44,男,双峰县,自由职业者,湘菜,高档,家庭聚餐,2025-06-02
U0024,39,男,娄星区,教师,湘菜,中档,早餐,2025-10-03
U0025,44,女,新化县,学生,素食,经济型,学生午餐,2025-06-29
U0026,31,男,冷水江市,医生,西餐,高档,家庭聚餐,2025-05-29
U0027,51,女,冷水江市,医生,川菜,中档,商务聚餐,2025-02-12
U0028,31,女,双峰县,上班族,川菜,中档,周末早餐,2025-05-02
U0029,25,男,双峰县,医生,素食,中档,朋友聚会,2025-10-09
U0030,23,女,双峰县,公务员,川菜,经济型,家庭聚餐,2025-04-13
U0031,46,男,娄星区,上班族,小吃,中档,家庭聚餐,2025-05-21
U0032,20,女,娄星区,教师,小吃,经济型,学生午餐,2025-06-17
U0033,43,女,双峰县,工程师,素食,中档,商务宴请,2025-02-23
U0034,42,女,双峰县,医生,小吃,中档,商务聚餐,2025-09-08
U0035,36,女,新化县,其他,日韩料理,高档,周末晚餐,2025-12-11
U0036,40,男,娄星区,公务员,快餐,经济型,学生夜宵,2025-04-24
U0037,33,女,冷水江市,工程师,湘菜,中档,甜品,2025-06-12
U0038,32,男,娄星区,工程师,湘菜,经济型,户外用餐,2025-02-05
U0039,31,男,双峰县,医生,川菜,中档,户外用餐,2025-05-22
U0040,51,男,冷水江市,上班族,小吃,中档,商务宴请,2025-08-24
U0041,45,女,涟源市,教师,西餐,中档,家庭聚餐,2025-07-29
U0042,60,男,双峰县,工程师,素食,高档,商务宴请,2025-05-13
U0043,47,男,娄星区,医生,湘菜,高档,商务聚餐,2026-01-21
U0044,32,男,涟源市,公务员,川菜,高档,节日聚餐,2025-04-19
U0045,42,男,冷水江市,学生,川菜,经济型,学生用餐,2025-02-09
U0046,54,女,冷水江市,自由职业者,川菜,高档,商务聚餐,2025-12-28
U0047,22,男,双峰县,教师,湘菜,高档,家庭聚餐,2025-06-07
U0048,54,女,冷水江市,学生,素食,经济型,学生早餐,2025-01-30
U0049,29,女,双峰县,自由职业者,小吃,中档,周末午餐,2025-11-24
U0050,57,男,娄星区,教师,西餐,高档,商务聚餐,2025-05-05
U0051,44,男,双峰县,工程师,西餐,中档,商务聚餐,2025-03-13
U0052,19,女,新化县,教师,日韩料理,中档,学生夜宵,2025-07-22
U0053,52,女,娄星区,工程师,日韩料理,中档,商务聚餐,2025-10-05
U0054,20,男,冷水江市,其他,西餐,高档,下午茶,2025-10-10
U0055,53,男,娄星区,上班族,小吃,高档,商务聚餐,2025-09-15
U0056,50,男,涟源市,工程师,湘菜,中档,商务聚餐,2025-06-02
U0057,44,男,新化县,自由职业者,素食,中档,商务宴请,2025-12-05
U0058,24,女,娄星区,学生,日韩料理,经济型,学生早餐,2025-03-28
U0059,43,男,双峰县,公务员,粤菜,中档,商务聚餐,2025-11-26
U0060,55,女,涟源市,学生,小吃,经济型,学生早餐,2025-09-21
U0061,20,女,涟源市,上班族,日韩料理,高档,夜宵,2025-02-28
U0062,55,女,冷水江市,自由职业者,小吃,高档,家庭聚餐,2025-04-26
U0063,54,男,双峰县,医生,西餐,中档,家庭聚餐,2025-02-21
U0064,28,女,娄星区,教师,川菜,中档,甜品,2025-03-02
U0065,53,女,新化县,自由职业者,快餐,中档,商务宴请,2025-10-18
U0066,44,男,新化县,医生,小吃,高档,商务宴请,2025-04-06
U0067,25,女,涟源市,教师,素食,高档,工作日早餐,2026-01-19
U0068,48,女,娄星区,上班族,日韩料理,中档,家庭聚餐,2025-10-24
U0069,38,男,娄星区,医生,快餐,中档,亲子聚餐,2025-11-05
U0070,39,女,冷水江市,医生,粤菜,经济型,外卖,2025-02-16
U0071,29,女,冷水江市,学生,西餐,经济型,学生晚餐,2025-06-01
U0072,52,女,双峰县,其他,川菜,高档,商务聚餐,2025-07-24
U0073,44,男,冷水江市,其他,小吃,高档,家庭聚餐,2025-12-20
U0074,19,男,娄星区,工程师,湘菜,高档,甜品,2025-11-07
U0075,38,女,涟源市,工程师,日韩料理,经济型,户外用餐,2025-09-20
U0076,20,男,娄星区,学生,粤菜,经济型,学生早餐,2025-04-03
U0077,45,男,冷水江市,其他,川菜,高档,商务宴请,2025-03-18
U0078,49,女,涟源市,其他,西餐,中档,商务宴请,2026-01-09
U0079,45,女,涟源市,自由职业者,素食,高档,家庭聚餐,2025-12-20
U0080,56,女,涟源市,工程师,日韩料理,中档,商务聚餐,2025-07-05
U0081,25,女,新化县,教师,素食,高档,周末早餐,2025-07-31
U0082,49,男,双峰县,教师,日韩料理,高档,家庭聚餐,2025-08-03
U0083,30,男,冷水江市,上班族,川菜,中档,家庭聚餐,2025-06-27
U0084,59,女,娄星区,学生,小吃,经济型,学生晚餐,2026-01-24
U0085,45,男,娄星区,工程师,小吃,高档,商务聚餐,2025-06-22
U0086,39,男,涟源市,医生,快餐,高档,家庭聚餐,2026-01-14
U0087,40,男,冷水江市,学生,湘菜,经济型,学生午餐,2025-08-25
U0088,28,男,冷水江市,其他,小吃,经济型,午餐,2025-02-10
U0089,33,男,新化县,上班族,湘菜,中档,午餐,2025-08-02
U0090,40,女,涟源市,其他,日韩料理,中档,户外用餐,2025-07-14
U0091,60,男,冷水江市,上班族,快餐,高档,商务宴请,2025-12-26
U0092,48,女,涟源市,上班族,小吃,中档,商务宴请,2025-08-18
U0093,42,女,冷水江市,公务员,西餐,高档,商务聚餐,2025-02-05
U0094,34,男,涟源市,公务员,小吃,中档,工作日晚餐,2025-04-01
U0095,18,女,新化县,教师,快餐,高档,小吃,2025-04-01
U0096,55,男,娄星区,工程师,小吃,中档,商务宴请,2025-08-31
U0097,30,女,涟源市,上班族,粤菜,经济型,学生午餐,2025-06-17
U0098,21,女,双峰县,上班族,西餐,高档,周末早餐,2025-12-17
U0099,38,男,娄星区,学生,日韩料理,经济型,学生早餐,2025-09-19
U0100,55,男,冷水江市,教师,湘菜,中档,商务聚餐,2025-06-01
U0101,60,女,涟源市,上班族,西餐,高档,家庭聚餐,2025-04-03
U0102,53,男,冷水江市,上班族,湘菜,高档,家庭聚餐,2025-04-09
U0103,42,男,新化县,其他,湘菜,高档,商务聚餐,2025-08-26
U0104,33,女,新化县,自由职业者,粤菜,高档,学生夜宵,2025-09-13
U0105,55,女,新化县,学生,日韩料理,经济型,学生早餐,2025-10-23
U0106,19,男,涟源市,自由职业者,西餐,高档,甜品,2025-06-14
U0107,32,女,涟源市,学生,小吃,经济型,学生夜宵,2025-03-24
U0108,60,男,新化县,公务员,粤菜,中档,商务宴请,2025-10-31
U0109,41,男,新化县,工程师,湘菜,高档,商务聚餐,2025-10-30
U0110,39,女,冷水江市,工程师,快餐,中档,工作日午餐,2025-08-31
U0111,25,男,双峰县,其他,小吃,中档,周末晚餐,2025-11-29
U0112,57,女,双峰县,其他,西餐,中档,商务宴请,2025-10-10
U0113,55,男,涟源市,上班族,西餐,高档,家庭聚餐,2025-12-17
U0114,21,女,冷水江市,医生,湘菜,高档,学生晚餐,2025-05-25
U0115,27,女,新化县,公务员,日韩料理,高档,学生晚餐,2025-11-28
U0116,51,男,冷水江市,其他,素食,高档,商务聚餐,2025-02-06
U0117,36,男,新化县,学生,湘菜,经济型,学生午餐,2025-09-13
U0118,38,女,新化县,工程师,素食,经济型,家庭聚餐,2025-06-29
U0119,33,女,新化县,学生,素食,经济型,学生晚餐,2025-04-21
U0120,19,男,双峰县,公务员,粤菜,中档,朋友聚会,2025-03-27
U0121,60,女,涟源市,其他,素食,中档,商务聚餐,2025-02-28
U0122,52,男,冷水江市,上班族,日韩料理,中档,商务宴请,2026-01-27
U0123,44,女,双峰县,上班族,西餐,高档,家庭聚餐,2025-02-03
U0124,38,女,涟源市,医生,素食,中档,情侣约会,2025-03-21
U0125,60,男,双峰县,公务员,素食,中档,商务宴请,2025-04-08
U0126,40,男,娄星区,医生,西餐,中档,外卖,2025-04-01
U0127,40,男,新化县,其他,湘菜,经济型,商务聚餐,2025-11-20
U0128,23,男,新化县,上班族,日韩料理,中档,节日聚餐,2026-01-19
U0129,20,女,新化县,公务员,小吃,中档,午餐,2025-10-27
U0130,24,男,冷水江市,医生,湘菜,中档,情侣约会,2025-12-05
U0131,55,女,涟源市,教师,日韩料理,中档,家庭聚餐,2025-12-26
U0132,50,男,娄星区,上班族,日韩料理,高档,商务聚餐,2025-02-18
U0133,23,男,双峰县,工程师,快餐,经济型,周末聚餐,2025-09-19
U0134,24,男,冷水江市,工程师,西餐,高档,下午茶,2025-06-12
U0135,52,男,娄星区,工程师,西餐,中档,家庭聚餐,2025-06-12
U0136,37,女,涟源市,学生,粤菜,经济型,学生晚餐,2025-02-26
U0137,37,女,新化县,上班族,日韩料理,中档,朋友聚会,2025-09-03
U0138,39,女,双峰县,学生,西餐,经济型,学生早餐,2025-07-13
U0139,54,男,双峰县,教师,小吃,中档,商务聚餐,2025-09-10
U0140,38,男,新化县,其他,快餐,中档,学生晚餐,2025-08-27
U0141,55,女,双峰县,学生,川菜,经济型,学生午餐,2025-06-23
U0142,22,男,双峰县,教师,粤菜,高档,午餐,2025-09-19
U0143,48,男,双峰县,医生,粤菜,高档,商务宴请,2025-06-07
U0144,42,男,涟源市,医生,快餐,中档,商务宴请,2025-11-05
U0145,30,男,冷水江市,工程师,粤菜,中档,午餐,2025-09-06
U0146,21,女,涟源市,医生,川菜,经济型,商务聚餐,2025-02-16
U0147,50,女,新化县,医生,小吃,中档,商务聚餐,2025-09-01
U0148,50,女,娄星区,学生,粤菜,经济型,学生用餐,2025-12-11
U0149,60,男,新化县,上班族,湘菜,中档,商务聚餐,2025-05-18
U0150,53,女,冷水江市,自由职业者,西餐,中档,家庭聚餐,2025-08-26
U0151,53,女,冷水江市,教师,川菜,高档,商务聚餐,2025-11-27
U0152,48,男,娄星区,自由职业者,日韩料理,中档,商务聚餐,2025-04-06
U0153,26,女,娄星区,医生,日韩料理,经济型,亲子聚餐,2025-12-15
U0154,33,男,双峰县,学生,川菜,经济型,学生午餐,2025-04-22
U0155,33,男,娄星区,自由职业者,湘菜,经济型,户外用餐,2025-08-01
U0156,42,女,双峰县,工程师,快餐,高档,家庭聚餐,2025-07-25
U0157,49,男,涟源市,自由职业者,粤菜,高档,商务聚餐,2025-12-01
U0158,18,女,新化县,教师,素食,经济型,学生晚餐,2026-01-16
U0159,29,女,冷水江市,工程师,日韩料理,中档,家庭聚餐,2026-01-04
U0160,38,男,涟源市,上班族,小吃,中档,商务宴请,2025-08-11
U0161,35,女,娄星区,教师,日韩料理,高档,户外用餐,2025-03-07
U0162,22,女,双峰县,医生,小吃,高档,工作日午餐,2026-01-11
U0163,56,女,娄星区,工程师,西餐,中档,家庭聚餐,2025-11-24
U0164,59,男,双峰县,工程师,湘菜,中档,家庭聚餐,2025-11-17
U0165,27,女,娄星区,公务员,小吃,高档,夜宵,2025-02-24
U0166,48,女,双峰县,公务员,湘菜,高档,商务聚餐,2026-01-30
U0167,28,男,娄星区,其他,快餐,经济型,情侣约会,2025-05-29
U0168,36,男,冷水江市,上班族,日韩料理,高档,学生早餐,2026-01-15
U0169,46,女,新化县,自由职业者,粤菜,中档,商务聚餐,2025-09-24
U0170,58,女,娄星区,教师,日韩料理,中档,商务聚餐,2025-06-26
U0171,27,女,娄星区,教师,湘菜,高档,工作日午餐,2025-02-28
U0172,26,男,娄星区,工程师,西餐,中档,情侣约会,2025-08-09
U0173,31,女,娄星区,学生,素食,经济型,学生用餐,2025-12-10
U0174,48,女,新化县,公务员,小吃,高档,商务宴请,2025-10-01
U0175,48,女,新化县,医生,素食,中档,家庭聚餐,2025-02-10
U0176,41,男,新化县,工程师,小吃,高档,家庭聚餐,2025-02-17
U0177,54,男,冷水江市,医生,素食,中档,商务宴请,2025-02-19
U0178,44,男,新化县,上班族,西餐,高档,家庭聚餐,2025-03-06
U0179,27,女,新化县,医生,湘菜,中档,周末聚餐,2025-08-10
U0180,33,男,娄星区,学生,湘菜,经济型,学生午餐,2025-08-31
U0181,56,女,双峰县,其他,快餐,高档,商务宴请,2025-06-12
U0182,20,男,新化县,医生,湘菜,中档,商务宴请,2025-04-03
U0183,53,女,冷水江市,上班族,素食,中档,商务宴请,2025-06-22
U0184,21,女,新化县,其他,小吃,高档,学生夜宵,2025-11-21
U0185,52,女,娄星区,其他,日韩料理,高档,商务聚餐,2025-12-07
U0186,27,男,新化县,上班族,快餐,中档,周末午餐,2025-05-17
U0187,26,男,冷水江市,工程师,快餐,中档,家庭聚餐,2025-05-02
U0188,48,女,新化县,教师,日韩料理,高档,商务宴请,2025-12-03
U0189,25,女,双峰县,教师,日韩料理,经济型,夜宵,2025-07-02
U0190,29,女,冷水江市,公务员,日韩料理,中档,小吃,2025-04-16
U0191,47,男,娄星区,工程师,日韩料理,高档,商务聚餐,2025-06-30
U0192,47,男,娄星区,医生,日韩料理,中档,商务聚餐,2025-04-29
U0193,50,男,双峰县,学生,素食,经济型,学生晚餐,2025-08-27
U0194,55,男,涟源市,上班族,快餐,高档,商务聚餐,2025-11-10
U0195,39,男,双峰县,工程师,小吃,中档,学生早餐,2025-03-24
U0196,46,男,娄星区,医生,小吃,高档,家庭聚餐,2025-03-25
U0197,51,男,涟源市,学生,日韩料理,经济型,学生早餐,2026-01-28
U0198,47,男,新化县,工程师,湘菜,中档,商务聚餐,2025-04-22
U0199,42,女,双峰县,其他,湘菜,中档,商务聚餐,2025-07-03
U0200,43,男,双峰县,学生,素食,经济型,学生用餐,2025-08-05
U0201,20,女,双峰县,医生,湘菜,经济型,朋友聚会,2025-07-10
U0202,52,女,娄星区,学生,粤菜,经济型,学生用餐,2025-12-11
U0203,22,女,涟源市,教师,小吃,经济型,工作日午餐,2025-08-23
U0204,30,男,娄星区,自由职业者,粤菜,中档,家庭聚餐,2026-01-29
U0205,46,男,新化县,工程师,素食,中档,商务宴请,2025-07-19
U0206,27,女,娄星区,教师,快餐,高档,学生午餐,2025-09-17
U0207,31,男,新化县,学生,日韩料理,经济型,学生夜宵,2025-04-23
U0208,51,男,新化县,自由职业者,快餐,高档,商务宴请,2025-11-08
U0209,31,男,新化县,医生,湘菜,中档,甜品,2025-03-02
U0210,21,女,娄星区,工程师,小吃,高档,夜宵,2025-10-15
U0211,27,男,冷水江市,上班族,川菜,高档,户外用餐,2025-04-15
U0212,48,女,冷水江市,自由职业者,素食,中档,家庭聚餐,2025-04-30
U0213,51,男,娄星区,公务员,湘菜,中档,商务聚餐,2025-03-08
U0214,39,男,双峰县,其他,西餐,中档,商务聚餐,2025-04-15
U0215,44,女,新化县,其他,西餐,中档,家庭聚餐,2025-07-19
U0216,52,女,新化县,公务员,西餐,中档,家庭聚餐,2025-04-29
U0217,26,女,娄星区,公务员,湘菜,中档,工作日早餐,2025-05-03
U0218,35,女,冷水江市,公务员,素食,中档,外卖,2025-07-07
U0219,29,男,涟源市,上班族,小吃,中档,工作日晚餐,2025-04-03
U0220,49,男,新化县,教师,湘菜,高档,商务聚餐,2025-05-31
U0221,49,男,新化县,工程师,快餐,高档,家庭聚餐,2025-02-05
U0222,36,男,冷水江市,工程师,粤菜,经济型,学生早餐,2025-04-19
U0223,39,男,双峰县,公务员,湘菜,中档,外卖,2025-03-09
U0224,57,男,新化县,公务员,素食,中档,商务聚餐,2026-01-28
U0225,44,男,双峰县,学生,快餐,经济型,学生夜宵,2025-02-10
U0226,18,女,新化县,其他,川菜,高档,早餐,2026-01-04
U0227,49,男,双峰县,教师,素食,高档,家庭聚餐,2026-01-20
U0228,54,女,双峰县,上班族,快餐,中档,商务聚餐,2025-07-18
U0229,20,女,涟源市,公务员,日韩料理,经济型,学生用餐,2025-10-23
U0230,42,女,新化县,学生,湘菜,经济型,学生晚餐,2025-11-28
U0231,40,女,冷水江市,公务员,西餐,经济型,情侣约会,2025-10-13
U0232,44,男,双峰县,学生,素食,经济型,学生早餐,2025-04-19
U0233,38,男,涟源市,工程师,日韩料理,经济型,学生早餐,2026-01-21
U0234,21,男,娄星区,教师,川菜,中档,朋友聚会,2025-05-30
U0235,38,男,涟源市,工程师,川菜,高档,亲子聚餐,2025-08-16
U0236,46,女,娄星区,教师,湘菜,高档,商务宴请,2026-01-21
U0237,45,男,双峰县,学生,素食,经济型,学生用餐,2025-05-31
U0238,35,女,双峰县,工程师,素食,中档,商务宴请,2025-11-28
U0239,34,女,娄星区,工程师,川菜,中档,户外用餐,2025-08-05
U0240,19,男,娄星区,自由职业者,日韩料理,中档,亲子聚餐,2025-03-05
U0241,50,女,新化县,公务员,日韩料理,中档,商务宴请,2025-08-09
U0242,50,男,娄星区,自由职业者,素食,中档,商务宴请,2025-02-07
U0243,54,男,新化县,教师,素食,高档,商务宴请,2025-07-10
U0244,38,女,涟源市,上班族,素食,高档,家庭聚餐,2025-10-01
U0245,36,女,涟源市,公务员,湘菜,经济型,朋友聚会,2025-04-20
U0246,53,女,双峰县,医生,小吃,高档,商务宴请,2026-01-01
U0247,50,男,双峰县,工程师,西餐,中档,商务宴请,2025-11-30
U0248,33,女,冷水江市,上班族,快餐,高档,甜品,2025-02-05
U0249,36,女,娄星区,工程师,快餐,经济型,商务聚餐,2025-07-19
U0250,33,男,双峰县,医生,川菜,高档,情侣约会,2025-12-25
U0251,41,女,新化县,学生,日韩料理,经济型,学生早餐,2025-04-06
U0252,45,女,新化县,学生,湘菜,经济型,学生早餐,2025-11-23
U0253,40,男,双峰县,工程师,小吃,高档,情侣约会,2025-04-10
U0254,43,女,新化县,教师,快餐,中档,家庭聚餐,2025-10-16
U0255,39,女,双峰县,自由职业者,湘菜,中档,周末早餐,2025-12-29
U0256,25,女,娄星区,学生,湘菜,经济型,学生晚餐,2025-11-18
U0257,25,女,娄星区,教师,素食,经济型,亲子聚餐,2025-12-28
U0258,44,男,新化县,自由职业者,快餐,中档,商务聚餐,2025-09-29
U0259,21,男,涟源市,上班族,粤菜,中档,午餐,2025-08-16
U0260,33,男,娄星区,上班族,西餐,中档,商务聚餐,2025-05-07
U0261,51,男,娄星区,工程师,川菜,高档,家庭聚餐,2025-02-16
U0262,57,男,冷水江市,其他,日韩料理,高档,家庭聚餐,2025-08-18
U0263,38,男,双峰县,教师,湘菜,经济型,学生夜宵,2025-04-04
U0264,29,女,娄星区,教师,日韩料理,中档,工作日午餐,2025-05-05
U0265,43,女,双峰县,工程师,素食,中档,商务聚餐,2025-07-10
U0266,45,男,娄星区,自由职业者,西餐,高档,商务宴请,2025-11-29
U0267,34,男,娄星区,教师,湘菜,经济型,午餐,2025-07-25
U0268,55,男,涟源市,自由职业者,西餐,高档,家庭聚餐,2025-06-11
U0269,48,男,新化县,学生,西餐,经济型,学生午餐,2025-08-25
U0270,37,女,新化县,医生,川菜,经济型,学生晚餐,2025-10-31
U0271,38,男,双峰县,学生,湘菜,经济型,学生午餐,2025-12-04
U0272,18,女,冷水江市,公务员,日韩料理,高档,学生早餐,2026-01-30
U0273,52,男,娄星区,教师,湘菜,高档,家庭聚餐,2025-07-26
U0274,56,女,娄星区,公务员,小吃,高档,家庭聚餐,2025-09-19
U0275,40,男,涟源市,工程师,小吃,高档,户外用餐,2025-09-06
U0276,36,女,娄星区,上班族,素食,中档,户外用餐,2025-05-27
U0277,38,男,涟源市,教师,素食,中档,外卖,2025-03-17
U0278,52,女,双峰县,自由职业者,快餐,中档,商务聚餐,2025-07-27
U0279,56,女,娄星区,教师,粤菜,中档,家庭聚餐,2025-02-05
U0280,54,男,双峰县,上班族,湘菜,中档,家庭聚餐,2025-02-12
U0281,26,女,涟源市,学生,日韩料理,经济型,学生夜宵,2025-12-28
U0282,59,女,双峰县,工程师,小吃,高档,家庭聚餐,2025-06-13
U0283,44,男,娄星区,教师,素食,高档,商务聚餐,2025-10-25
U0284,52,男,涟源市,上班族,小吃,高档,商务聚餐,2026-01-09
U0285,21,男,新化县,上班族,小吃,中档,工作日晚餐,2025-04-12
U0286,36,女,双峰县,学生,快餐,经济型,学生早餐,2025-12-19
U0287,48,男,娄星区,医生,粤菜,中档,商务宴请,2025-12-16
U0288,18,女,娄星区,医生,西餐,高档,学生午餐,2025-11-22
U0289,56,男,新化县,医生,快餐,高档,家庭聚餐,2025-10-23
U0290,53,女,冷水江市,工程师,快餐,中档,商务聚餐,2025-11-03
U0291,43,女,娄星区,公务员,川菜,高档,家庭聚餐,2025-07-25
U0292,41,女,新化县,医生,小吃,高档,商务宴请,2025-05-14
U0293,49,女,新化县,自由职业者,快餐,高档,商务宴请,2026-01-10
U0294,49,女,娄星区,学生,川菜,经济型,学生午餐,2025-06-29
U0295,18,女,冷水江市,上班族,素食,经济型,户外用餐,2025-11-23
U0296,57,女,娄星区,教师,粤菜,中档,家庭聚餐,2025-05-23
U0297,21,女,双峰县,公务员,素食,经济型,甜品,2025-09-01
U0298,29,女,涟源市,医生,西餐,高档,甜品,2025-06-17
U0299,26,男,娄星区,教师,西餐,中档,朋友聚会,2025-04-04
U0300,47,女,涟源市,其他,川菜,中档,商务宴请,2025-08-17
U0301,44,男,娄星区,学生,西餐,经济型,学生早餐,2025-09-26
U0302,30,女,娄星区,医生,素食,中档,周末聚餐,2025-09-05
U0303,20,女,涟源市,上班族,川菜,中档,学生夜宵,2025-05-26
U0304,51,男,娄星区,公务员,日韩料理,高档,商务聚餐,2026-01-19
U0305,40,男,涟源市,学生,日韩料理,经济型,学生用餐,2025-08-14
U0306,50,男,娄星区,自由职业者,素食,高档,商务宴请,2025-08-13
U0307,51,男,冷水江市,医生,湘菜,高档,家庭聚餐,2025-05-20
U0308,58,男,娄星区,学生,川菜,经济型,学生夜宵,2025-03-15
U0309,57,女,冷水江市,其他,小吃,高档,商务宴请,2025-07-30
U0310,48,女,娄星区,医生,湘菜,高档,商务聚餐,2025-09-02
U0311,22,女,双峰县,公务员,西餐,经济型,节日聚餐,2025-02-16
U0312,49,男,冷水江市,自由职业者,快餐,高档,家庭聚餐,2025-07-15
U0313,47,男,新化县,工程师,小吃,中档,商务宴请,2025-07-01
U0314,38,女,冷水江市,其他,素食,中档,小吃,2025-03-12
U0315,55,男,涟源市,学生,西餐,经济型,学生午餐,2025-08-21
U0316,46,女,冷水江市,自由职业者,日韩料理,中档,商务聚餐,2025-12-13
U0317,50,男,新化县,教师,快餐,中档,家庭聚餐,2025-12-30
U0318,44,男,涟源市,公务员,湘菜,中档,商务宴请,2025-02-27
U0319,27,女,娄星区,其他,素食,高档,周末晚餐,2025-09-30
U0320,51,男,娄星区,自由职业者,快餐,中档,商务聚餐,2025-06-30
U0321,23,女,新化县,自由职业者,小吃,高档,情侣约会,2025-11-06
U0322,30,女,冷水江市,公务员,湘菜,中档,节日聚餐,2025-05-19
U0323,49,女,新化县,学生,西餐,经济型,学生午餐,2025-05-31
U0324,49,女,涟源市,其他,粤菜,中档,商务聚餐,2025-12-14
U0325,28,男,双峰县,其他,日韩料理,高档,亲子聚餐,2025-12-09
U0326,38,男,双峰县,学生,小吃,经济型,学生晚餐,2025-07-10
U0327,25,女,娄星区,公务员,湘菜,经济型,节日聚餐,2025-11-08
U0328,51,男,双峰县,医生,湘菜,高档,商务宴请,2025-11-06
U0329,49,女,冷水江市,公务员,湘菜,高档,家庭聚餐,2025-10-15
U0330,21,女,涟源市,教师,快餐,中档,商务宴请,2026-01-09
U0331,29,女,冷水江市,医生,素食,高档,午餐,2025-09-29
U0332,42,女,双峰县,其他,快餐,中档,商务宴请,2026-01-09
U0333,41,男,冷水江市,教师,快餐,中档,商务聚餐,2025-07-19
U0334,59,男,双峰县,自由职业者,粤菜,中档,商务聚餐,2025-04-05
U0335,20,男,新化县,其他,快餐,经济型,工作日午餐,2026-01-04
U0336,28,男,娄星区,工程师,川菜,中档,家庭聚餐,2025-10-27
U0337,54,男,涟源市,自由职业者,快餐,高档,商务宴请,2026-01-30
U0338,48,女,新化县,其他,西餐,中档,商务宴请,2025-03-15
U0339,40,女,涟源市,医生,川菜,经济型,节日聚餐,2025-04-12
U0340,34,女,涟源市,教师,湘菜,高档,外卖,2025-12-03
U0341,48,男,冷水江市,学生,川菜,经济型,学生夜宵,2025-12-24
U0342,22,女,新化县,自由职业者,快餐,经济型,亲子聚餐,2025-02-22
U0343,25,女,娄星区,教师,日韩料理,中档,商务聚餐,2025-07-30
U0344,40,男,双峰县,学生,西餐,经济型,学生午餐,2025-11-26
U0345,57,男,双峰县,学生,粤菜,经济型,学生早餐,2025-02-09
U0346,27,女,涟源市,上班族,快餐,经济型,周末晚餐,2025-06-08
U0347,24,男,涟源市,医生,日韩料理,高档,周末聚餐,2025-11-20
U0348,19,女,娄星区,教师,粤菜,高档,情侣约会,2025-10-17
U0349,59,男,涟源市,教师,西餐,中档,商务宴请,2025-08-25
U0350,50,男,冷水江市,上班族,西餐,中档,家庭聚餐,2025-08-13
U0351,26,女,冷水江市,上班族,湘菜,高档,商务聚餐,2025-06-15
U0352,48,男,娄星区,工程师,西餐,高档,商务聚餐,2025-09-22
U0353,30,男,新化县,自由职业者,西餐,高档,商务宴请,2025-02-15
U0354,27,女,涟源市,医生,日韩料理,经济型,商务宴请,2025-10-12
U0355,33,男,新化县,上班族,日韩料理,中档,学生午餐,2025-05-12
U0356,29,男,双峰县,上班族,西餐,高档,学生午餐,2025-04-07
U0357,42,男,涟源市,学生,素食,经济型,学生早餐,2025-10-12
U0358,60,女,冷水江市,上班族,川菜,高档,家庭聚餐,2025-12-31
U0359,49,女,新化县,上班族,日韩料理,中档,家庭聚餐,2026-01-18
U0360,60,男,双峰县,自由职业者,川菜,高档,商务聚餐,2025-03-15
U0361,45,女,新化县,工程师,素食,高档,家庭聚餐,2025-06-11
U0362,59,女,双峰县,上班族,快餐,高档,商务聚餐,2025-09-06
U0363,37,女,冷水江市,医生,西餐,高档,朋友聚会,2025-07-17
U0364,44,女,新化县,上班族,素食,中档,商务聚餐,2025-11-22
U0365,31,男,冷水江市,学生,日韩料理,经济型,学生午餐,2025-07-05
U0366,50,男,冷水江市,自由职业者,粤菜,中档,商务宴请,2025-12-09
U0367,24,女,涟源市,教师,粤菜,经济型,早餐,2025-02-10
U0368,46,男,涟源市,公务员,川菜,中档,商务聚餐,2025-10-16
U0369,20,女,双峰县,自由职业者,小吃,高档,学生用餐,2025-03-08
U0370,31,男,涟源市,其他,素食,经济型,学生早餐,2025-05-31
U0371,23,女,新化县,自由职业者,素食,经济型,学生晚餐,2025-12-30
U0372,38,女,双峰县,学生,小吃,经济型,学生午餐,2025-02-06
U0373,41,男,娄星区,医生,小吃,高档,商务聚餐,2025-12-30
U0374,18,女,涟源市,医生,素食,经济型,甜品,2025-09-13
U0375,38,女,新化县,学生,湘菜,经济型,学生夜宵,2025-09-12
U0376,29,女,冷水江市,公务员,西餐,中档,朋友聚会,2025-10-18
U0377,26,女,新化县,上班族,川菜,中档,商务聚餐,2025-12-19
U0378,28,男,娄星区,学生,小吃,经济型,学生夜宵,2025-06-23
U0379,54,男,娄星区,公务员,西餐,高档,家庭聚餐,2025-02-05
U0380,18,女,冷水江市,其他,西餐,高档,节日聚餐,2025-04-13
U0381,47,男,涟源市,教师,西餐,高档,商务宴请,2025-09-28
U0382,33,男,双峰县,其他,日韩料理,中档,学生早餐,2025-08-08
U0383,43,男,涟源市,上班族,粤菜,中档,商务聚餐,2025-07-03
U0384,49,女,娄星区,医生,日韩料理,中档,商务聚餐,2025-10-22
U0385,31,男,新化县,医生,日韩料理,中档,朋友聚会,2025-12-24
U0386,54,女,新化县,教师,湘菜,高档,商务宴请,2025-11-24
U0387,53,女,冷水江市,公务员,素食,高档,商务聚餐,2025-11-15
U0388,22,女,涟源市,医生,小吃,高档,夜宵,2025-11-14
U0389,55,男,双峰县,学生,粤菜,经济型,学生早餐,2026-01-29
U0390,41,女,涟源市,学生,川菜,经济型,学生晚餐,2025-05-18
U0391,42,女,新化县,自由职业者,川菜,中档,商务聚餐,2025-07-21
U0392,27,女,涟源市,医生,快餐,经济型,工作日午餐,2025-04-20
U0393,23,女,双峰县,医生,日韩料理,经济型,学生晚餐,2025-11-16
U0394,41,男,娄星区,医生,湘菜,中档,商务聚餐,2025-06-25
U0395,39,女,娄星区,医生,素食,中档,户外用餐,2025-12-11
U0396,46,男,冷水江市,医生,川菜,高档,商务宴请,2025-04-05
U0397,47,女,冷水江市,公务员,日韩料理,中档,商务聚餐,2025-11-13
U0398,33,男,冷水江市,教师,西餐,高档,工作日早餐,2026-01-24
U0399,31,女,新化县,自由职业者,快餐,经济型,周末聚餐,2025-07-18
U0400,25,男,新化县,教师,川菜,高档,周末聚餐,2025-05-24
U0401,51,女,双峰县,上班族,粤菜,中档,商务宴请,2025-12-03
U0402,24,男,冷水江市,工程师,日韩料理,经济型,学生早餐,2025-07-07
U0403,30,女,新化县,医生,素食,中档,亲子聚餐,2025-12-24
U0404,22,男,新化县,教师,粤菜,经济型,周末早餐,2025-03-25
U0405,33,男,娄星区,医生,西餐,中档,下午茶,2025-07-07
U0406,57,女,涟源市,学生,粤菜,经济型,学生晚餐,2026-01-12
U0407,46,女,涟源市,自由职业者,快餐,高档,商务聚餐,2025-02-18
U0408,29,男,涟源市,教师,小吃,高档,午餐,2025-08-27
U0409,40,女,双峰县,上班族,川菜,经济型,户外用餐,2025-07-04
U0410,49,女,冷水江市,自由职业者,川菜,中档,家庭聚餐,2025-09-20
U0411,48,女,娄星区,自由职业者,日韩料理,高档,商务聚餐,2025-09-05
U0412,42,女,新化县,医生,素食,中档,家庭聚餐,2025-04-01
U0413,38,女,双峰县,医生,川菜,中档,亲子聚餐,2025-12-18
U0414,46,男,涟源市,学生,粤菜,经济型,学生夜宵,2025-02-06
U0415,34,男,涟源市,自由职业者,粤菜,中档,外卖,2025-03-06
U0416,44,女,冷水江市,上班族,西餐,中档,商务聚餐,2025-12-02
U0417,59,男,涟源市,医生,小吃,中档,家庭聚餐,2025-08-17
U0418,39,女,新化县,教师,快餐,中档,商务聚餐,2025-03-28
U0419,44,女,娄星区,自由职业者,日韩料理,高档,商务宴请,2025-02-28
U0420,46,女,娄星区,工程师,素食,高档,家庭聚餐,2025-10-28
U0421,19,男,新化县,医生,日韩料理,高档,早餐,2025-06-06
U0422,26,男,新化县,其他,西餐,中档,亲子聚餐,2025-07-20
U0423,30,女,娄星区,工程师,日韩料理,高档,节日聚餐,2025-09-29
U0424,25,男,冷水江市,其他,素食,高档,工作日早餐,2025-04-10
U0425,29,男,娄星区,自由职业者,快餐,经济型,朋友聚会,2025-07-06
U0426,45,女,娄星区,自由职业者,西餐,中档,商务宴请,2026-01-23
U0427,57,男,娄星区,医生,小吃,中档,商务宴请,2025-02-12
U0428,41,男,冷水江市,其他,日韩料理,高档,家庭聚餐,2025-11-27
U0429,21,男,双峰县,医生,粤菜,中档,家庭聚餐,2026-01-07
U0430,22,女,涟源市,上班族,湘菜,中档,周末聚餐,2025-09-29
U0431,30,女,双峰县,上班族,日韩料理,中档,家庭聚餐,2025-12-13
U0432,41,女,娄星区,自由职业者,西餐,中档,商务宴请,2025-12-13
U0433,38,女,冷水江市,工程师,西餐,高档,小吃,2026-01-11
U0434,49,男,涟源市,其他,川菜,中档,家庭聚餐,2025-11-12
U0435,31,女,冷水江市,学生,湘菜,经济型,学生早餐,2025-02-04
U0436,57,女,冷水江市,学生,湘菜,经济型,学生午餐,2025-07-13
U0437,56,女,涟源市,自由职业者,川菜,高档,家庭聚餐,2025-02-28
U0438,35,女,新化县,学生,快餐,经济型,学生午餐,2025-06-22
U0439,43,女,娄星区,工程师,小吃,中档,商务聚餐,2025-05-17
U0440,28,男,冷水江市,公务员,小吃,中档,学生早餐,2025-04-05
U0441,57,男,涟源市,公务员,川菜,中档,商务宴请,2025-10-29
U0442,20,女,冷水江市,公务员,粤菜,中档,周末晚餐,2025-12-17
U0443,43,女,新化县,工程师,快餐,中档,商务宴请,2025-03-14
U0444,58,男,涟源市,公务员,西餐,中档,家庭聚餐,2025-03-26
U0445,33,男,娄星区,学生,湘菜,经济型,学生早餐,2026-01-24
U0446,53,女,双峰县,其他,快餐,中档,商务宴请,2025-07-09
U0447,36,女,新化县,公务员,小吃,中档,周末早餐,2026-01-08
U0448,49,女,涟源市,上班族,快餐,中档,家庭聚餐,2026-01-02
U0449,22,男,涟源市,医生,川菜,高档,午餐,2025-02-01
U0450,53,男,新化县,自由职业者,日韩料理,中档,商务宴请,2025-08-20
U0451,60,女,双峰县,上班族,小吃,高档,商务聚餐,2025-10-23
U0452,21,女,双峰县,上班族,小吃,经济型,工作日午餐,2025-08-09
U0453,50,男,冷水江市,上班族,湘菜,中档,家庭聚餐,2026-01-23
U0454,27,女,娄星区,医生,粤菜,高档,情侣约会,2025-11-26
U0455,27,女,涟源市,自由职业者,川菜,经济型,学生午餐,2025-08-26
U0456,32,女,冷水江市,医生,快餐,经济型,学生用餐,2025-11-13
U0457,39,女,涟源市,自由职业者,素食,高档,户外用餐,2025-12-31
U0458,20,女,娄星区,公务员,粤菜,高档,早餐,2025-07-18
U0459,33,女,涟源市,其他,湘菜,经济型,工作日晚餐,2025-11-14
U0460,35,女,双峰县,上班族,快餐,经济型,周末午餐,2025-06-02
U0461,27,女,娄星区,工程师,西餐,高档,商务聚餐,2025-10-21
U0462,59,女,娄星区,教师,粤菜,中档,商务宴请,2025-08-25
U0463,51,男,新化县,教师,小吃,高档,商务聚餐,2025-07-29
U0464,29,男,涟源市,其他,粤菜,经济型,亲子聚餐,2025-02-18
U0465,23,女,双峰县,学生,川菜,经济型,学生夜宵,2025-05-27
U0466,41,女,涟源市,学生,快餐,经济型,学生夜宵,2025-03-21
U0467,35,男,双峰县,自由职业者,小吃,经济型,商务聚餐,2025-10-08
U0468,27,女,冷水江市,其他,快餐,高档,工作日早餐,2025-07-28
U0469,33,男,冷水江市,医生,西餐,高档,学生夜宵,2025-06-17
U0470,55,女,新化县,公务员,小吃,高档,商务聚餐,2025-11-14
U0471,45,女,冷水江市,公务员,素食,高档,商务聚餐,2025-07-16
U0472,29,女,涟源市,医生,日韩料理,高档,夜宵,2025-03-12
U0473,50,女,冷水江市,工程师,日韩料理,高档,商务聚餐,2025-12-22
U0474,58,男,涟源市,其他,湘菜,中档,商务聚餐,2025-07-01
U0475,22,男,娄星区,自由职业者,川菜,中档,节日聚餐,2025-03-24
U0476,41,女,新化县,学生,素食,经济型,学生晚餐,2025-08-10
U0477,28,男,双峰县,学生,西餐,经济型,学生早餐,2025-06-07
U0478,39,女,娄星区,其他,湘菜,高档,周末早餐,2025-10-05
U0479,32,女,新化县,其他,川菜,经济型,午餐,2025-03-23
U0480,33,女,涟源市,自由职业者,粤菜,经济型,工作日午餐,2025-11-23
U0481,59,女,新化县,公务员,素食,高档,商务宴请,2025-02-08
U0482,57,女,双峰县,学生,日韩料理,经济型,学生早餐,2025-03-18
U0483,56,男,娄星区,公务员,日韩料理,高档,家庭聚餐,2025-03-10
U0484,58,男,双峰县,上班族,日韩料理,高档,商务宴请,2025-10-03
U0485,49,男,双峰县,教师,川菜,中档,商务聚餐,2025-08-26
U0486,49,男,双峰县,工程师,川菜,中档,商务宴请,2025-12-21
U0487,59,女,新化县,教师,川菜,高档,商务聚餐,2026-01-23
U0488,22,男,新化县,学生,川菜,经济型,学生午餐,2025-12-25
U0489,54,女,娄星区,教师,素食,中档,商务聚餐,2025-07-10
U0490,59,女,冷水江市,医生,小吃,高档,家庭聚餐,2025-07-31
U0491,55,男,新化县,医生,小吃,中档,商务宴请,2025-03-26
U0492,41,女,双峰县,医生,粤菜,中档,商务聚餐,2025-06-01
U0493,47,男,娄星区,上班族,粤菜,高档,商务聚餐,2025-06-02
U0494,48,男,涟源市,上班族,湘菜,中档,家庭聚餐,2025-05-23
U0495,39,女,冷水江市,学生,日韩料理,经济型,学生午餐,2025-03-15
U0496,49,男,娄星区,公务员,小吃,高档,商务宴请,2025-06-13
U0497,54,女,冷水江市,公务员,粤菜,高档,商务宴请,2025-04-22
U0498,49,女,新化县,学生,西餐,经济型,学生早餐,2025-05-19
U0499,36,女,新化县,自由职业者,川菜,经济型,工作日晚餐,2025-07-22
U0500,38,女,娄星区,自由职业者,川菜,中档,外卖,2025-03-07
U0501,39,男,涟源市,工程师,小吃,经济型,情侣约会,2025-03-13
U0502,41,女,新化县,自由职业者,小吃,中档,商务宴请,2025-07-16
U0503,21,男,冷水江市,医生,素食,高档,午餐,2025-04-03
U0504,32,女,涟源市,其他,川菜,中档,工作日午餐,2025-03-16
U0505,38,男,新化县,公务员,小吃,高档,学生午餐,2025-08-31
U0506,26,男,娄星区,公务员,西餐,经济型,情侣约会,2025-07-12
U0507,36,女,新化县,医生,小吃,中档,商务宴请,2026-01-21
U0508,47,男,娄星区,医生,粤菜,中档,商务宴请,2025-08-29
U0509,52,男,涟源市,其他,粤菜,中档,商务宴请,2025-09-14
U0510,24,男,新化县,医生,小吃,高档,亲子聚餐,2025-12-02
U0511,28,男,双峰县,自由职业者,湘菜,经济型,夜宵,2025-03-03
U0512,45,女,涟源市,学生,日韩料理,经济型,学生用餐,2025-12-16
U0513,31,女,冷水江市,医生,湘菜,中档,朋友聚会,2025-04-17
U0514,47,男,双峰县,上班族,快餐,中档,商务聚餐,2025-06-19
U0515,28,男,涟源市,学生,日韩料理,经济型,学生早餐,2026-01-11
U0516,51,男,娄星区,学生,粤菜,经济型,学生夜宵,2025-08-20
U0517,57,女,涟源市,工程师,湘菜,中档,商务聚餐,2025-10-20
U0518,37,男,娄星区,工程师,粤菜,高档,学生午餐,2025-06-27
U0519,40,女,娄星区,工程师,素食,高档,周末早餐,2025-04-02
U0520,48,男,冷水江市,其他,素食,中档,商务聚餐,2025-12-31
U0521,23,女,娄星区,教师,小吃,中档,学生用餐,2025-10-13
U0522,18,女,涟源市,医生,素食,中档,家庭聚餐,2025-10-23
U0523,37,女,娄星区,其他,湘菜,高档,学生早餐,2025-06-18
U0524,45,女,新化县,教师,粤菜,高档,家庭聚餐,2025-09-07
U0525,45,女,双峰县,上班族,小吃,高档,商务聚餐,2025-02-21
U0526,25,男,冷水江市,教师,粤菜,高档,学生用餐,2025-11-11
U0527,22,女,涟源市,医生,快餐,经济型,午餐,2025-06-03
U0528,45,女,涟源市,自由职业者,日韩料理,高档,商务聚餐,2025-07-29
U0529,30,女,新化县,其他,小吃,中档,家庭聚餐,2025-06-29
U0530,25,女,双峰县,其他,西餐,高档,商务聚餐,2025-03-13
U0531,22,女,冷水江市,上班族,粤菜,经济型,早餐,2025-10-19
U0532,50,女,娄星区,教师,快餐,中档,家庭聚餐,2025-07-30
U0533,21,男,娄星区,公务员,快餐,中档,夜宵,2025-08-14
U0534,49,女,双峰县,教师,西餐,中档,家庭聚餐,2025-02-24
U0535,59,女,双峰县,自由职业者,素食,高档,商务聚餐,2025-08-21
U0536,27,女,冷水江市,自由职业者,小吃,高档,亲子聚餐,2026-01-24
U0537,31,女,娄星区,工程师,粤菜,经济型,学生早餐,2025-08-21
U0538,20,女,新化县,工程师,小吃,中档,节日聚餐,2025-03-31
U0539,20,女,娄星区,工程师,快餐,经济型,学生用餐,2025-12-01
U0540,36,男,双峰县,教师,粤菜,高档,工作日午餐,2025-10-11
U0541,37,女,涟源市,上班族,西餐,经济型,亲子聚餐,2025-04-23
U0542,45,男,冷水江市,公务员,湘菜,高档,家庭聚餐,2025-08-04
U0543,28,男,双峰县,工程师,小吃,经济型,小吃,2025-06-25
U0544,25,女,冷水江市,工程师,川菜,高档,下午茶,2025-02-22
U0545,31,男,娄星区,学生,日韩料理,经济型,学生午餐,2025-04-04
U0546,40,男,涟源市,其他,素食,经济型,学生夜宵,2025-08-29
U0547,60,男,涟源市,自由职业者,粤菜,中档,商务宴请,2025-10-08
U0548,25,男,冷水江市,工程师,川菜,中档,商务宴请,2025-09-03
U0549,30,女,冷水江市,其他,小吃,高档,周末早餐,2025-10-21
U0550,27,男,双峰县,学生,小吃,经济型,学生午餐,2025-11-06
U0551,20,女,双峰县,自由职业者,小吃,经济型,学生夜宵,2025-09-29
U0552,27,男,双峰县,其他,快餐,中档,学生用餐,2025-06-30
U0553,24,男,冷水江市,上班族,小吃,高档,学生用餐,2026-01-12
U0554,30,男,新化县,教师,粤菜,经济型,周末聚餐,2025-11-14
U0555,40,女,涟源市,自由职业者,素食,高档,下午茶,2025-10-26
U0556,18,男,娄星区,教师,小吃,经济型,户外用餐,2025-03-29
U0557,35,男,冷水江市,教师,川菜,经济型,周末聚餐,2025-06-05
U0558,43,男,涟源市,其他,快餐,中档,家庭聚餐,2025-06-04
U0559,44,男,涟源市,其他,素食,中档,商务聚餐,2025-08-28
U0560,26,女,双峰县,自由职业者,川菜,经济型,工作日午餐,2025-03-15
U0561,21,女,新化县,其他,素食,经济型,小吃,2025-08-08
U0562,25,男,冷水江市,其他,快餐,高档,工作日午餐,2025-02-14
U0563,37,男,双峰县,学生,素食,经济型,学生晚餐,2026-01-08
U0564,33,女,新化县,工程师,川菜,经济型,工作日午餐,2026-01-30
U0565,51,女,娄星区,医生,小吃,中档,商务聚餐,2025-08-22
U0566,20,女,双峰县,教师,西餐,经济型,工作日早餐,2025-02-01
U0567,27,男,娄星区,学生,快餐,经济型,学生早餐,2025-07-13
U0568,26,男,新化县,工程师,西餐,中档,外卖,2025-04-21
U0569,43,女,涟源市,学生,川菜,经济型,学生午餐,2025-08-07
U0570,43,女,双峰县,公务员,西餐,中档,商务宴请,2025-10-28
U0571,56,男,双峰县,医生,川菜,高档,商务宴请,2025-03-05
U0572,23,女,涟源市,教师,川菜,经济型,朋友聚会,2025-02-25
U0573,18,男,冷水江市,其他,素食,中档,户外用餐,2025-12-05
U0574,37,男,娄星区,自由职业者,小吃,高档,工作日早餐,2025-07-02
U0575,45,女,双峰县,工程师,粤菜,高档,商务宴请,2025-12-02
U0576,22,男,涟源市,学生,粤菜,经济型,学生用餐,2025-10-17
U0577,41,女,娄星区,教师,快餐,高档,商务聚餐,2025-03-04
U0578,49,男,双峰县,自由职业者,粤菜,中档,家庭聚餐,2025-11-19
U0579,32,女,冷水江市,公务员,小吃,中档,学生夜宵,2025-04-15
U0580,54,男,涟源市,公务员,川菜,高档,商务宴请,2025-07-07
U0581,50,男,新化县,其他,日韩料理,高档,家庭聚餐,2025-08-09
U0582,39,女,双峰县,学生,粤菜,经济型,学生晚餐,2025-04-11
U0583,25,女,娄星区,学生,素食,经济型,学生早餐,2025-05-23
U0584,57,女,冷水江市,自由职业者,西餐,高档,商务宴请,2025-10-25
U0585,23,女,娄星区,医生,小吃,高档,外卖,2025-09-23
U0586,53,女,新化县,学生,西餐,经济型,学生用餐,2025-03-26
U0587,25,女,涟源市,工程师,小吃,中档,家庭聚餐,2025-10-12
U0588,19,女,涟源市,公务员,湘菜,经济型,情侣约会,2025-08-01
U0589,23,女,涟源市,学生,快餐,经济型,学生用餐,2026-01-10
U0590,28,男,冷水江市,医生,快餐,高档,朋友聚会,2025-06-13
U0591,30,女,娄星区,其他,日韩料理,高档,学生用餐,2025-07-17
U0592,59,男,新化县,自由职业者,日韩料理,中档,商务聚餐,2025-11-18
U0593,21,男,冷水江市,工程师,素食,高档,午餐,2025-09-15
U0594,21,女,娄星区,教师,湘菜,经济型,情侣约会,2025-02-11
U0595,37,男,娄星区,工程师,快餐,经济型,情侣约会,2025-06-23
U0596,33,女,涟源市,学生,湘菜,经济型,学生用餐,2026-01-10
U0597,58,女,涟源市,公务员,快餐,中档,家庭聚餐,2025-04-05
U0598,34,女,新化县,学生,湘菜,经济型,学生用餐,2025-03-18
U0599,44,女,新化县,公务员,西餐,高档,家庭聚餐,2025-07-22
U0600,25,男,涟源市,工程师,湘菜,高档,商务聚餐,2025-12-24
U0601,41,男,涟源市,公务员,川菜,高档,商务宴请,2025-08-05
U0602,46,男,新化县,其他,川菜,中档,商务宴请,2025-02-26
U0603,39,女,双峰县,学生,快餐,经济型,学生晚餐,2025-11-16
U0604,49,女,冷水江市,教师,川菜,高档,商务宴请,2025-07-03
U0605,21,男,涟源市,其他,粤菜,经济型,学生晚餐,2025-12-20
U0606,37,男,冷水江市,医生,湘菜,经济型,学生晚餐,2025-10-19
U0607,27,女,娄星区,医生,粤菜,高档,学生夜宵,2025-06-06
U0608,20,男,双峰县,公务员,川菜,经济型,学生早餐,2025-08-20
U0609,45,女,冷水江市,教师,小吃,高档,商务聚餐,2026-01-19
U0610,20,男,冷水江市,医生,川菜,中档,商务宴请,2025-10-27
U0611,58,女,冷水江市,医生,西餐,高档,商务聚餐,2025-07-01
U0612,20,男,冷水江市,上班族,粤菜,经济型,周末午餐,2025-02-28
U0613,42,男,双峰县,工程师,小吃,高档,家庭聚餐,2025-06-15
U0614,57,女,新化县,教师,川菜,高档,商务聚餐,2025-05-09
U0615,29,女,新化县,工程师,西餐,经济型,周末早餐,2025-02-03
U0616,49,男,新化县,上班族,快餐,中档,商务聚餐,2025-05-12
U0617,22,男,涟源市,自由职业者,粤菜,高档,学生用餐,2025-03-03
U0618,42,女,涟源市,教师,川菜,高档,商务聚餐,2025-09-03
U0619,43,男,新化县,公务员,素食,中档,商务聚餐,2025-11-06
U0620,33,女,娄星区,其他,日韩料理,高档,学生夜宵,2025-05-28
U0621,60,男,双峰县,公务员,西餐,中档,商务宴请,2025-09-21
U0622,45,女,涟源市,自由职业者,川菜,中档,商务宴请,2025-11-13
U0623,21,女,涟源市,上班族,西餐,中档,工作日早餐,2025-10-27
U0624,56,女,涟源市,上班族,粤菜,中档,商务聚餐,2025-08-02
U0625,21,女,冷水江市,教师,西餐,高档,学生晚餐,2025-09-14
U0626,26,女,新化县,自由职业者,粤菜,中档,户外用餐,2025-03-15
U0627,19,男,双峰县,上班族,川菜,中档,情侣约会,2025-03-31
U0628,36,女,娄星区,上班族,湘菜,高档,外卖,2025-08-11
U0629,22,男,娄星区,公务员,川菜,中档,情侣约会,2025-03-08
U0630,34,女,娄星区,工程师,川菜,高档,周末早餐,2025-05-20
U0631,27,男,冷水江市,其他,粤菜,中档,外卖,2025-09-25
U0632,24,男,娄星区,其他,快餐,经济型,工作日午餐,2025-02-27
U0633,33,男,双峰县,工程师,快餐,经济型,学生早餐,2025-04-25
U0634,24,女,涟源市,学生,日韩料理,经济型,学生早餐,2025-12-19
U0635,51,女,双峰县,工程师,素食,中档,家庭聚餐,2025-07-26
U0636,59,女,涟源市,工程师,素食,中档,商务宴请,2025-12-29
U0637,56,男,娄星区,公务员,湘菜,高档,商务宴请,2025-04-16
U0638,26,女,涟源市,教师,日韩料理,高档,早餐,2025-04-03
U0639,19,男,双峰县,公务员,川菜,经济型,甜品,2025-08-13
U0640,36,男,新化县,上班族,日韩料理,高档,工作日早餐,2025-11-02
U0641,48,女,娄星区,上班族,素食,高档,商务聚餐,2025-07-18
U0642,47,女,冷水江市,医生,日韩料理,高档,家庭聚餐,2025-07-21
U0643,27,女,涟源市,教师,川菜,中档,午餐,2025-02-25
U0644,21,男,双峰县,工程师,快餐,高档,外卖,2025-02-26
U0645,40,男,涟源市,上班族,西餐,经济型,工作日晚餐,2026-01-04
U0646,52,男,娄星区,上班族,西餐,中档,商务聚餐,2025-08-05
U0647,50,男,双峰县,上班族,川菜,中档,商务聚餐,2026-01-16
U0648,25,男,新化县,其他,素食,经济型,商务聚餐,2025-11-22
U0649,43,女,冷水江市,自由职业者,小吃,高档,家庭聚餐,2026-01-25
U0650,28,男,新化县,自由职业者,日韩料理,中档,外卖,2025-02-19
U0651,43,男,冷水江市,公务员,西餐,高档,商务宴请,2025-02-10
U0652,37,男,新化县,自由职业者,小吃,经济型,学生夜宵,2025-07-08
U0653,49,男,冷水江市,学生,西餐,经济型,学生夜宵,2025-07-29
U0654,54,男,双峰县,其他,湘菜,高档,商务宴请,2025-06-22
U0655,19,男,冷水江市,学生,粤菜,经济型,学生晚餐,2025-05-04
U0656,24,女,娄星区,其他,小吃,经济型,周末早餐,2025-07-01
U0657,53,男,娄星区,医生,素食,中档,商务宴请,2025-06-09
U0658,18,女,双峰县,其他,西餐,中档,家庭聚餐,2025-10-27
U0659,19,女,双峰县,上班族,川菜,经济型,下午茶,2025-01-31
U0660,53,女,双峰县,工程师,西餐,中档,商务聚餐,2025-09-20
U0661,22,男,双峰县,医生,素食,高档,情侣约会,2026-01-17
U0662,26,男,娄星区,其他,川菜,经济型,学生午餐,2025-05-23
U0663,26,男,冷水江市,教师,素食,高档,情侣约会,2025-11-27
U0664,40,女,新化县,学生,湘菜,经济型,学生夜宵,2025-01-30
U0665,54,男,双峰县,医生,素食,中档,商务宴请,2026-01-22
U0666,42,男,双峰县,学生,小吃,经济型,学生晚餐,2025-06-04
U0667,40,女,冷水江市,自由职业者,川菜,中档,商务聚餐,2025-05-21
U0668,19,男,新化县,工程师,川菜,中档,周末聚餐,2025-01-31
U0669,35,男,新化县,教师,川菜,中档,情侣约会,2025-04-01
U0670,25,女,冷水江市,其他,粤菜,经济型,学生早餐,2025-09-16
U0671,18,男,涟源市,教师,快餐,中档,早餐,2025-06-13
U0672,31,男,双峰县,医生,粤菜,经济型,工作日午餐,2025-02-14
U0673,59,女,新化县,学生,川菜,经济型,学生用餐,2025-10-18
U0674,33,女,新化县,上班族,湘菜,高档,甜品,2025-09-26
U0675,36,女,双峰县,公务员,日韩料理,中档,户外用餐,2025-10-22
U0676,53,女,双峰县,教师,小吃,中档,商务聚餐,2025-11-09
U0677,20,女,涟源市,自由职业者,粤菜,经济型,周末晚餐,2025-08-22
U0678,55,男,冷水江市,学生,川菜,经济型,学生午餐,2025-02-24
U0679,18,女,娄星区,学生,日韩料理,经济型,学生用餐,2025-07-19
U0680,38,男,涟源市,医生,小吃,经济型,节日聚餐,2025-10-24
U0681,47,男,双峰县,公务员,西餐,中档,商务聚餐,2025-06-14
U0682,18,女,双峰县,医生,湘菜,经济型,家庭聚餐,2025-08-17
U0683,20,男,涟源市,医生,快餐,高档,周末聚餐,2025-03-10
U0684,59,女,双峰县,学生,素食,经济型,学生早餐,2025-08-16
U0685,39,女,双峰县,公务员,西餐,中档,下午茶,2025-10-31
U0686,52,男,双峰县,医生,川菜,高档,商务宴请,2025-03-26
U0687,31,女,涟源市,上班族,湘菜,经济型,节日聚餐,2025-12-07
U0688,53,男,双峰县,医生,小吃,中档,商务宴请,2025-09-09
U0689,56,女,冷水江市,学生,湘菜,经济型,学生早餐,2025-07-20
U0690,47,男,冷水江市,医生,西餐,高档,商务聚餐,2025-02-22
U0691,34,女,涟源市,医生,素食,经济型,朋友聚会,2025-09-17
U0692,34,男,娄星区,其他,素食,经济型,外卖,2025-09-11
U0693,26,女,双峰县,上班族,日韩料理,中档,学生早餐,2025-12-29
U0694,48,男,娄星区,医生,西餐,中档,家庭聚餐,2025-07-10
U0695,59,女,娄星区,医生,素食,高档,商务宴请,2025-06-15
U0696,46,男,娄星区,公务员,素食,高档,商务聚餐,2025-07-27
U0697,26,女,娄星区,上班族,日韩料理,中档,学生夜宵,2025-03-07
U0698,39,男,娄星区,自由职业者,西餐,中档,甜品,2025-07-09
U0699,39,女,涟源市,工程师,快餐,经济型,朋友聚会,2025-07-02
U0700,36,男,涟源市,公务员,湘菜,中档,外卖,2025-04-12
U0701,59,男,冷水江市,学生,湘菜,经济型,学生早餐,2025-12-02
U0702,40,女,新化县,医生,小吃,高档,学生晚餐,2025-10-20
U0703,36,女,娄星区,自由职业者,川菜,中档,亲子聚餐,2025-04-18
U0704,34,女,新化县,其他,粤菜,经济型,周末早餐,2025-05-08
U0705,21,女,双峰县,自由职业者,小吃,经济型,小吃,2025-07-14
U0706,22,女,双峰县,其他,快餐,经济型,商务宴请,2025-06-03
U0707,21,女,冷水江市,公务员,川菜,中档,工作日早餐,2025-07-17
U0708,35,女,新化县,学生,快餐,经济型,学生晚餐,2025-06-22
U0709,20,女,涟源市,公务员,素食,中档,午餐,2025-07-14
U0710,39,女,娄星区,教师,日韩料理,中档,工作日午餐,2025-08-05
U0711,41,女,双峰县,工程师,川菜,中档,家庭聚餐,2025-11-19
U0712,44,女,娄星区,公务员,川菜,高档,商务聚餐,2025-10-28
U0713,38,男,娄星区,学生,素食,经济型,学生晚餐,2025-06-08
U0714,49,男,新化县,其他,粤菜,高档,家庭聚餐,2025-07-09
U0715,28,女,新化县,上班族,粤菜,经济型,周末聚餐,2025-06-24
U0716,28,女,娄星区,其他,素食,中档,甜品,2025-12-23
U0717,42,男,双峰县,上班族,湘菜,中档,商务聚餐,2026-01-15
U0718,36,女,冷水江市,学生,川菜,经济型,学生夜宵,2025-09-28
U0719,20,女,双峰县,公务员,湘菜,中档,工作日早餐,2025-06-26
U0720,41,女,双峰县,工程师,素食,高档,商务聚餐,2025-05-11
U0721,32,男,冷水江市,医生,素食,高档,学生晚餐,2025-04-08
U0722,51,女,双峰县,医生,粤菜,高档,家庭聚餐,2025-12-10
U0723,60,女,新化县,自由职业者,湘菜,中档,家庭聚餐,2025-03-12
U0724,19,男,冷水江市,工程师,西餐,高档,情侣约会,2025-06-15
U0725,37,男,双峰县,教师,粤菜,经济型,户外用餐,2026-01-21
U0726,50,男,娄星区,工程师,湘菜,中档,家庭聚餐,2025-07-10
U0727,19,男,双峰县,自由职业者,西餐,经济型,小吃,2025-05-11
U0728,53,男,新化县,医生,素食,中档,商务宴请,2025-08-15
U0729,41,男,娄星区,教师,粤菜,中档,家庭聚餐,2025-06-08
U0730,50,女,涟源市,其他,快餐,高档,家庭聚餐,2025-07-07
U0731,59,男,新化县,其他,粤菜,高档,商务聚餐,2025-05-19
U0732,45,男,冷水江市,上班族,湘菜,高档,商务宴请,2025-10-26
U0733,37,女,新化县,医生,川菜,高档,周末早餐,2025-09-09
U0734,19,男,涟源市,自由职业者,日韩料理,经济型,甜品,2025-10-26
U0735,45,女,冷水江市,公务员,粤菜,高档,商务宴请,2025-05-03
U0736,19,男,娄星区,公务员,川菜,中档,家庭聚餐,2025-05-05
U0737,20,男,涟源市,公务员,日韩料理,高档,学生午餐,2025-06-09
U0738,53,女,涟源市,公务员,素食,中档,家庭聚餐,2025-06-01
U0739,42,女,娄星区,工程师,小吃,中档,家庭聚餐,2025-12-27
U0740,39,男,冷水江市,自由职业者,粤菜,经济型,情侣约会,2025-06-28
U0741,44,男,娄星区,上班族,日韩料理,中档,家庭聚餐,2025-03-10
U0742,30,男,新化县,公务员,小吃,经济型,周末午餐,2025-02-16
U0743,29,男,冷水江市,自由职业者,素食,经济型,甜品,2025-04-15
U0744,44,女,新化县,教师,川菜,中档,商务宴请,2025-12-17
U0745,59,男,冷水江市,公务员,日韩料理,高档,商务宴请,2025-12-28
U0746,43,男,涟源市,其他,粤菜,中档,商务宴请,2025-05-21
U0747,21,女,双峰县,公务员,快餐,经济型,学生午餐,2025-10-08
U0748,33,男,新化县,医生,粤菜,中档,家庭聚餐,2025-02-01
U0749,43,女,娄星区,其他,湘菜,中档,商务聚餐,2025-08-03
U0750,28,女,新化县,医生,西餐,高档,学生午餐,2025-07-07
U0751,23,女,冷水江市,工程师,快餐,经济型,情侣约会,2026-01-20
U0752,26,男,涟源市,自由职业者,粤菜,高档,夜宵,2025-02-23
U0753,55,女,双峰县,教师,湘菜,中档,商务宴请,2025-05-14
U0754,41,男,娄星区,学生,湘菜,经济型,学生夜宵,2025-05-17
U0755,49,女,涟源市,教师,湘菜,中档,商务宴请,2025-04-17
U0756,31,男,新化县,教师,小吃,高档,甜品,2025-10-30
U0757,53,男,涟源市,学生,湘菜,经济型,学生晚餐,2025-07-08
U0758,23,女,冷水江市,工程师,日韩料理,经济型,商务宴请,2025-11-17
U0759,42,女,冷水江市,上班族,粤菜,高档,商务聚餐,2025-05-03
U0760,35,女,新化县,自由职业者,小吃,经济型,朋友聚会,2025-06-07
U0761,39,女,娄星区,公务员,川菜,中档,周末聚餐,2025-03-06
U0762,28,男,涟源市,医生,小吃,经济型,外卖,2025-05-30
U0763,20,男,娄星区,上班族,素食,中档,工作日早餐,2025-11-27
U0764,40,男,双峰县,其他,小吃,中档,情侣约会,2025-11-03
U0765,19,男,娄星区,学生,粤菜,经济型,学生夜宵,2025-05-09
U0766,39,女,娄星区,工程师,粤菜,经济型,午餐,2025-06-12
U0767,22,女,新化县,其他,小吃,中档,周末早餐,2026-01-13
U0768,27,男,娄星区,自由职业者,西餐,高档,朋友聚会,2025-09-05
U0769,46,女,冷水江市,工程师,粤菜,高档,商务聚餐,2025-01-30
U0770,20,男,娄星区,医生,川菜,经济型,午餐,2026-01-29
U0771,59,女,新化县,自由职业者,快餐,高档,家庭聚餐,2025-11-05
U0772,23,男,冷水江市,教师,小吃,中档,学生午餐,2025-07-27
U0773,18,男,双峰县,学生,粤菜,经济型,学生早餐,2025-08-25
U0774,56,男,娄星区,上班族,素食,中档,商务宴请,2025-05-24
U0775,45,女,涟源市,其他,西餐,中档,商务宴请,2025-02-05
U0776,39,男,新化县,教师,小吃,中档,家庭聚餐,2025-09-10
U0777,36,女,冷水江市,工程师,粤菜,高档,商务聚餐,2025-11-25
U0778,37,男,新化县,工程师,粤菜,经济型,商务聚餐,2025-10-11
U0779,27,女,娄星区,学生,粤菜,经济型,学生用餐,2025-06-22
U0780,54,男,新化县,医生,川菜,中档,商务宴请,2025-03-19
U0781,21,男,涟源市,自由职业者,西餐,经济型,下午茶,2025-02-18
U0782,54,男,双峰县,学生,快餐,经济型,学生午餐,2025-02-11
U0783,38,男,双峰县,公务员,川菜,中档,工作日午餐,2025-06-14
U0784,20,女,涟源市,工程师,小吃,高档,学生早餐,2025-03-22
U0785,25,女,涟源市,医生,快餐,中档,亲子聚餐,2025-07-22
U0786,57,男,涟源市,学生,湘菜,经济型,学生早餐,2025-03-24
U0787,22,男,涟源市,上班族,日韩料理,经济型,夜宵,2025-08-04
U0788,23,女,新化县,上班族,素食,高档,学生用餐,2026-01-16
U0789,58,男,涟源市,自由职业者,粤菜,高档,家庭聚餐,2025-12-15
U0790,27,男,娄星区,公务员,粤菜,高档,朋友聚会,2025-12-05
U0791,20,男,双峰县,其他,西餐,经济型,节日聚餐,2025-07-07
U0792,23,男,新化县,医生,西餐,高档,下午茶,2025-02-20
U0793,24,女,冷水江市,学生,小吃,经济型,学生夜宵,2025-02-09
U0794,31,女,双峰县,其他,川菜,中档,周末晚餐,2026-01-09
U0795,18,女,双峰县,学生,日韩料理,经济型,学生晚餐,2025-08-30
U0796,40,女,娄星区,学生,日韩料理,经济型,学生用餐,2025-04-23
U0797,43,女,新化县,医生,日韩料理,高档,商务聚餐,2025-06-08
U0798,60,男,新化县,教师,小吃,中档,商务宴请,2025-07-10
U0799,31,男,新化县,自由职业者,西餐,中档,工作日早餐,2025-03-10
U0800,33,女,冷水江市,自由职业者,素食,经济型,下午茶,2025-10-26
U0801,43,男,冷水江市,其他,快餐,高档,商务聚餐,2025-11-11
U0802,28,女,双峰县,上班族,川菜,经济型,户外用餐,2025-06-12
U0803,29,男,新化县,公务员,西餐,中档,户外用餐,2025-04-11
U0804,51,女,涟源市,工程师,日韩料理,高档,商务宴请,2026-01-01
U0805,24,女,冷水江市,学生,小吃,经济型,学生用餐,2025-08-20
U0806,30,女,娄星区,上班族,日韩料理,高档,工作日早餐,2025-05-14
U0807,54,女,娄星区,医生,日韩料理,高档,商务宴请,2025-08-13
U0808,27,女,双峰县,学生,川菜,经济型,学生午餐,2025-04-08
U0809,33,男,双峰县,工程师,素食,中档,工作日早餐,2025-03-23
U0810,27,男,冷水江市,医生,素食,经济型,周末早餐,2025-08-27
U0811,53,男,娄星区,学生,川菜,经济型,学生早餐,2025-09-01
U0812,52,女,双峰县,教师,日韩料理,高档,商务聚餐,2025-07-05
U0813,22,女,娄星区,其他,西餐,中档,学生早餐,2025-10-21
U0814,33,男,双峰县,上班族,粤菜,经济型,朋友聚会,2025-11-17
U0815,22,女,冷水江市,自由职业者,川菜,高档,周末聚餐,2025-05-09
U0816,42,男,娄星区,学生,小吃,经济型,学生午餐,2025-02-17
U0817,22,女,新化县,上班族,日韩料理,经济型,外卖,2025-11-16
U0818,31,男,双峰县,上班族,西餐,中档,学生用餐,2025-07-10
U0819,28,男,新化县,上班族,西餐,经济型,周末午餐,2025-11-27
U0820,48,女,新化县,工程师,湘菜,中档,商务聚餐,2025-12-20
U0821,35,女,双峰县,上班族,素食,高档,学生早餐,2025-10-30
U0822,53,女,新化县,上班族,日韩料理,高档,家庭聚餐,2025-08-08
U0823,36,男,娄星区,其他,素食,中档,家庭聚餐,2025-09-09
U0824,53,女,双峰县,医生,粤菜,中档,商务聚餐,2026-01-09
U0825,35,女,双峰县,公务员,粤菜,经济型,夜宵,2025-06-06
U0826,28,女,冷水江市,上班族,粤菜,经济型,早餐,2025-02-18
U0827,46,女,娄星区,公务员,湘菜,中档,商务宴请,2025-11-01
U0828,48,男,涟源市,医生,粤菜,中档,商务聚餐,2025-12-28
U0829,27,男,涟源市,教师,粤菜,高档,外卖,2025-04-08
U0830,60,女,双峰县,上班族,小吃,中档,家庭聚餐,2025-02-14
U0831,28,男,双峰县,其他,素食,经济型,早餐,2025-09-11
U0832,54,男,涟源市,其他,湘菜,高档,商务宴请,2025-08-04
U0833,50,女,涟源市,医生,粤菜,高档,商务聚餐,2025-10-12
U0834,29,男,双峰县,自由职业者,湘菜,中档,商务宴请,2025-10-29
U0835,47,女,新化县,学生,川菜,经济型,学生晚餐,2025-12-23
U0836,30,女,冷水江市,自由职业者,粤菜,中档,工作日早餐,2025-02-24
U0837,44,女,双峰县,医生,粤菜,中档,商务聚餐,2025-06-10
U0838,49,男,新化县,自由职业者,素食,高档,商务聚餐,2025-04-14
U0839,42,女,娄星区,学生,小吃,经济型,学生夜宵,2025-04-14
U0840,20,女,涟源市,其他,粤菜,高档,工作日早餐,2025-07-25
U0841,22,男,娄星区,其他,快餐,中档,户外用餐,2025-04-14
U0842,34,男,双峰县,学生,西餐,经济型,学生晚餐,2025-06-12
U0843,38,男,双峰县,上班族,粤菜,经济型,学生午餐,2025-02-26
U0844,35,女,双峰县,教师,粤菜,高档,周末午餐,2025-08-05
U0845,29,女,冷水江市,上班族,素食,高档,商务宴请,2025-04-03
U0846,29,男,双峰县,自由职业者,小吃,高档,家庭聚餐,2025-02-07
U0847,47,男,涟源市,公务员,小吃,中档,商务宴请,2025-07-20
U0848,35,男,涟源市,工程师,粤菜,高档,情侣约会,2025-11-02
U0849,52,女,娄星区,上班族,西餐,高档,家庭聚餐,2025-07-18
U0850,37,女,娄星区,学生,粤菜,经济型,学生午餐,2025-07-02
U0851,44,女,双峰县,公务员,粤菜,高档,商务聚餐,2025-09-14
U0852,31,女,冷水江市,工程师,小吃,高档,家庭聚餐,2025-02-24
U0853,51,女,娄星区,公务员,湘菜,中档,商务聚餐,2025-08-27
U0854,31,男,冷水江市,自由职业者,粤菜,中档,早餐,2025-03-05
U0855,18,男,涟源市,上班族,粤菜,高档,夜宵,2025-11-02
U0856,40,男,双峰县,自由职业者,川菜,经济型,学生晚餐,2025-07-28
U0857,51,男,涟源市,自由职业者,粤菜,高档,商务宴请,2025-07-15
U0858,33,男,双峰县,医生,小吃,中档,早餐,2025-11-18
U0859,28,女,冷水江市,上班族,湘菜,中档,周末早餐,2025-10-28
U0860,53,男,双峰县,学生,粤菜,经济型,学生早餐,2025-12-23
U0861,41,女,双峰县,工程师,川菜,中档,家庭聚餐,2025-12-26
U0862,59,女,娄星区,学生,日韩料理,经济型,学生晚餐,2025-10-13
U0863,21,女,娄星区,工程师,日韩料理,中档,商务聚餐,2025-03-12
U0864,47,女,涟源市,医生,素食,高档,商务聚餐,2026-01-21
U0865,31,女,冷水江市,工程师,素食,高档,周末聚餐,2025-11-13
U0866,26,女,新化县,工程师,小吃,经济型,学生用餐,2025-09-15
U0867,32,女,冷水江市,医生,川菜,经济型,情侣约会,2025-05-05
U0868,46,男,涟源市,其他,川菜,高档,商务聚餐,2025-05-30
U0869,28,女,娄星区,其他,快餐,中档,商务宴请,2025-11-13
U0870,53,女,涟源市,自由职业者,快餐,中档,家庭聚餐,2025-03-23
U0871,60,女,娄星区,医生,日韩料理,高档,商务宴请,2025-03-23
U0872,59,女,冷水江市,教师,西餐,高档,商务宴请,2025-04-04
U0873,53,男,娄星区,自由职业者,素食,高档,商务宴请,2025-03-17
U0874,53,女,新化县,上班族,湘菜,中档,商务聚餐,2025-03-29
U0875,50,男,新化县,公务员,快餐,高档,商务聚餐,2025-09-15
U0876,19,男,双峰县,上班族,日韩料理,高档,午餐,2025-05-21
U0877,48,女,涟源市,公务员,日韩料理,高档,商务聚餐,2025-08-21
U0878,45,女,双峰县,工程师,快餐,中档,商务聚餐,2025-03-19
U0879,29,女,新化县,教师,素食,高档,户外用餐,2025-11-19
U0880,45,女,双峰县,其他,湘菜,高档,家庭聚餐,2025-12-22
U0881,56,男,涟源市,教师,小吃,高档,商务聚餐,2025-09-25
U0882,37,男,冷水江市,公务员,川菜,经济型,夜宵,2025-07-25
U0883,49,女,娄星区,学生,粤菜,经济型,学生夜宵,2025-05-27
U0884,26,女,娄星区,医生,素食,经济型,情侣约会,2025-04-10
U0885,59,男,涟源市,上班族,快餐,高档,商务聚餐,2025-07-04
U0886,60,男,涟源市,教师,快餐,中档,商务宴请,2025-06-21
U0887,31,女,涟源市,其他,川菜,经济型,亲子聚餐,2025-10-04
U0888,44,女,双峰县,自由职业者,小吃,中档,家庭聚餐,2025-03-13
U0889,21,男,涟源市,自由职业者,西餐,中档,早餐,2025-08-06
U0890,21,男,娄星区,其他,西餐,经济型,外卖,2025-06-26
U0891,51,男,双峰县,学生,快餐,经济型,学生晚餐,2025-09-10
U0892,22,女,娄星区,公务员,小吃,高档,午餐,2026-01-18
U0893,31,女,双峰县,上班族,湘菜,高档,外卖,2025-07-16
U0894,54,男,娄星区,公务员,日韩料理,高档,商务宴请,2025-09-26
U0895,34,男,新化县,公务员,素食,经济型,商务聚餐,2025-05-24
U0896,19,女,双峰县,公务员,日韩料理,中档,商务宴请,2025-09-02
U0897,19,女,娄星区,学生,小吃,经济型,学生午餐,2025-11-22
U0898,50,女,涟源市,学生,湘菜,经济型,学生夜宵,2026-01-29
U0899,40,女,冷水江市,自由职业者,快餐,高档,工作日早餐,2025-11-29
U0900,38,女,涟源市,其他,粤菜,中档,家庭聚餐,2025-05-12
U0901,27,女,娄星区,学生,粤菜,经济型,学生早餐,2025-06-18
U0902,22,男,新化县,上班族,日韩料理,高档,学生早餐,2025-09-14
U0903,45,女,涟源市,医生,素食,高档,商务宴请,2025-06-14
U0904,34,男,冷水江市,医生,湘菜,中档,家庭聚餐,2025-04-09
U0905,51,男,娄星区,其他,川菜,中档,商务宴请,2025-03-17
U0906,60,女,娄星区,其他,粤菜,高档,商务宴请,2025-08-20
U0907,52,女,新化县,公务员,小吃,中档,商务聚餐,2025-10-08
U0908,39,女,涟源市,教师,日韩料理,中档,工作日早餐,2025-11-02
U0909,57,女,新化县,医生,粤菜,中档,家庭聚餐,2025-08-21
U0910,55,男,冷水江市,医生,西餐,高档,商务宴请,2025-08-31
U0911,57,男,冷水江市,教师,湘菜,高档,家庭聚餐,2025-11-13
U0912,38,女,涟源市,工程师,小吃,中档,周末早餐,2025-06-15
U0913,32,女,娄星区,医生,粤菜,中档,节日聚餐,2025-02-23
U0914,22,男,新化县,自由职业者,湘菜,高档,亲子聚餐,2025-07-21
U0915,59,女,涟源市,自由职业者,川菜,中档,商务宴请,2025-08-19
U0916,52,女,冷水江市,医生,西餐,高档,家庭聚餐,2025-11-21
U0917,28,女,娄星区,教师,日韩料理,经济型,学生夜宵,2025-09-25
U0918,20,女,双峰县,工程师,日韩料理,经济型,午餐,2025-08-13
U0919,51,男,双峰县,医生,西餐,中档,家庭聚餐,2025-01-31
U0920,46,女,新化县,教师,湘菜,高档,商务聚餐,2026-01-03
U0921,21,男,双峰县,其他,西餐,中档,外卖,2025-07-07
U0922,56,女,新化县,学生,小吃,经济型,学生用餐,2025-11-19
U0923,44,男,冷水江市,医生,小吃,高档,商务宴请,2025-04-25
U0924,40,男,娄星区,公务员,小吃,经济型,家庭聚餐,2025-09-06
U0925,31,女,新化县,上班族,粤菜,经济型,周末早餐,2025-08-09
U0926,24,女,新化县,医生,川菜,经济型,节日聚餐,2025-04-15
U0927,37,男,新化县,其他,西餐,高档,甜品,2025-11-26
U0928,29,男,冷水江市,公务员,快餐,高档,户外用餐,2025-04-17
U0929,28,男,涟源市,自由职业者,日韩料理,高档,学生夜宵,2025-03-23
U0930,54,男,娄星区,上班族,西餐,高档,家庭聚餐,2025-05-23
U0931,20,女,冷水江市,其他,湘菜,经济型,周末聚餐,2025-02-18
U0932,41,男,涟源市,公务员,快餐,中档,商务宴请,2025-07-06
U0933,50,女,冷水江市,医生,川菜,高档,商务宴请,2025-02-14
U0934,52,女,涟源市,公务员,川菜,高档,商务聚餐,2025-05-24
U0935,52,女,娄星区,学生,素食,经济型,学生早餐,2025-09-01
U0936,47,女,娄星区,教师,快餐,中档,家庭聚餐,2025-11-25
U0937,53,男,双峰县,公务员,粤菜,中档,家庭聚餐,2025-08-19
U0938,45,女,新化县,其他,素食,中档,商务宴请,2025-09-28
U0939,50,男,娄星区,公务员,粤菜,中档,商务宴请,2025-10-26
U0940,46,女,娄星区,医生,川菜,高档,商务聚餐,2025-09-09
U0941,29,男,涟源市,自由职业者,粤菜,经济型,周末早餐,2025-05-27
U0942,20,男,新化县,公务员,日韩料理,高档,学生用餐,2025-07-13
U0943,26,女,涟源市,其他,快餐,中档,周末早餐,2025-07-21
U0944,53,女,冷水江市,工程师,日韩料理,高档,商务聚餐,2025-05-17
U0945,45,男,涟源市,其他,川菜,中档,商务聚餐,2025-02-06
U0946,33,男,娄星区,医生,素食,中档,商务宴请,2025-03-24
U0947,21,男,冷水江市,其他,小吃,经济型,亲子聚餐,2025-05-25
U0948,39,男,冷水江市,其他,快餐,中档,商务宴请,2025-05-07
U0949,58,男,涟源市,医生,西餐,高档,商务聚餐,2025-11-20
U0950,45,女,冷水江市,医生,湘菜,高档,商务宴请,2025-07-22
U0951,41,男,冷水江市,自由职业者,小吃,中档,家庭聚餐,2025-03-28
U0952,36,男,双峰县,工程师,湘菜,经济型,亲子聚餐,2025-06-24
U0953,26,男,新化县,学生,西餐,经济型,学生午餐,2025-11-22
U0954,58,女,双峰县,公务员,湘菜,高档,家庭聚餐,2025-02-28
U0955,19,女,娄星区,学生,小吃,经济型,学生用餐,2025-12-29
U0956,51,女,娄星区,学生,素食,经济型,学生午餐,2025-08-10
U0957,30,男,新化县,公务员,粤菜,经济型,工作日晚餐,2025-11-19
U0958,43,男,娄星区,自由职业者,小吃,高档,商务聚餐,2025-12-28
U0959,59,男,涟源市,其他,西餐,高档,家庭聚餐,2025-02-20
U0960,56,男,冷水江市,上班族,素食,中档,家庭聚餐,2025-12-21
U0961,59,男,涟源市,其他,西餐,中档,家庭聚餐,2025-02-15
U0962,60,女,涟源市,上班族,小吃,高档,商务聚餐,2026-01-01
U0963,49,男,冷水江市,学生,小吃,经济型,学生午餐,2025-12-10
U0964,26,男,双峰县,上班族,粤菜,经济型,午餐,2025-08-22
U0965,21,男,新化县,其他,日韩料理,经济型,商务宴请,2025-08-02
U0966,48,男,娄星区,教师,川菜,高档,家庭聚餐,2025-12-02
U0967,39,男,冷水江市,学生,素食,经济型,学生晚餐,2025-12-29
U0968,27,女,娄星区,其他,日韩料理,中档,外卖,2025-07-29
U0969,49,女,冷水江市,医生,小吃,高档,商务宴请,2025-07-12
U0970,26,女,新化县,公务员,快餐,中档,户外用餐,2025-02-28
U0971,35,女,双峰县,公务员,小吃,高档,周末聚餐,2026-01-09
U0972,44,男,涟源市,自由职业者,粤菜,中档,家庭聚餐,2025-07-08
U0973,58,女,双峰县,工程师,湘菜,高档,家庭聚餐,2025-03-06
U0974,19,女,涟源市,上班族,小吃,中档,商务聚餐,2025-09-03
U0975,45,男,双峰县,其他,川菜,中档,商务宴请,2025-02-05
U0976,35,女,娄星区,学生,日韩料理,经济型,学生用餐,2025-06-24
U0977,31,女,新化县,公务员,西餐,中档,周末早餐,2025-12-30
U0978,24,男,冷水江市,上班族,湘菜,中档,工作日晚餐,2025-10-25
U0979,45,女,娄星区,工程师,素食,高档,商务宴请,2026-01-15
U0980,43,男,娄星区,医生,湘菜,高档,商务宴请,2025-11-05
U0981,47,男,冷水江市,工程师,小吃,高档,家庭聚餐,2025-10-11
U0982,42,女,双峰县,医生,川菜,中档,商务宴请,2025-06-05
U0983,51,女,娄星区,公务员,湘菜,中档,家庭聚餐,2025-06-11
U0984,32,女,涟源市,教师,粤菜,中档,下午茶,2025-07-25
U0985,18,男,娄星区,上班族,素食,经济型,工作日午餐,2025-11-17
U0986,26,男,娄星区,公务员,快餐,高档,下午茶,2025-07-30
U0987,56,女,新化县,工程师,西餐,中档,商务聚餐,2025-11-26
U0988,45,女,涟源市,医生,西餐,中档,商务聚餐,2025-09-30
U0989,25,女,涟源市,公务员,粤菜,中档,周末早餐,2025-06-09
U0990,22,男,新化县,教师,日韩料理,中档,午餐,2025-02-09
U0991,41,男,新化县,其他,日韩料理,高档,家庭聚餐,2025-04-14
U0992,46,男,冷水江市,其他,川菜,中档,商务宴请,2025-02-13
U0993,57,女,冷水江市,自由职业者,素食,高档,家庭聚餐,2025-02-10
U0994,32,男,双峰县,公务员,湘菜,中档,商务宴请,2025-05-01
U0995,55,女,冷水江市,工程师,日韩料理,中档,商务宴请,2025-12-12
U0996,48,男,双峰县,上班族,粤菜,中档,商务聚餐,2025-06-12
U0997,41,男,新化县,上班族,粤菜,中档,商务聚餐,2025-07-22
U0998,57,男,涟源市,工程师,湘菜,高档,商务宴请,2025-02-13
U0999,46,女,涟源市,医生,川菜,中档,商务宴请,2025-06-11
U1000,46,女,双峰县,工程师,素食,高档,商务宴请,2025-06-16
U1001,46,男,娄星区,其他,小吃,中档,商务聚餐,2025-12-22
U1002,21,男,新化县,学生,湘菜,经济型,学生夜宵,2025-03-20
U1003,38,女,新化县,医生,快餐,中档,学生夜宵,2026-01-08
U1004,28,女,冷水江市,其他,快餐,高档,家庭聚餐,2026-01-21
U1005,56,男,涟源市,公务员,川菜,高档,商务聚餐,2025-05-21
U1006,60,女,双峰县,学生,小吃,经济型,学生用餐,2025-06-04
U1007,50,女,冷水江市,教师,西餐,中档,商务聚餐,2025-12-29
U1008,31,女,冷水江市,学生,快餐,经济型,学生夜宵,2025-11-19
U1009,44,女,娄星区,自由职业者,快餐,中档,商务聚餐,2025-03-29
U1010,58,女,娄星区,上班族,粤菜,高档,商务聚餐,2025-01-31
U1011,24,男,双峰县,自由职业者,川菜,中档,下午茶,2025-03-24
U1012,57,女,娄星区,工程师,日韩料理,高档,家庭聚餐,2025-08-15
U1013,40,男,新化县,公务员,素食,经济型,周末午餐,2025-08-21
U1014,51,女,新化县,医生,湘菜,中档,家庭聚餐,2025-02-18
U1015,33,女,冷水江市,医生,日韩料理,经济型,下午茶,2025-03-24
U1016,50,女,新化县,医生,川菜,中档,商务宴请,2025-05-01
U1017,37,男,冷水江市,自由职业者,川菜,中档,外卖,2025-06-10
U1018,22,男,冷水江市,工程师,川菜,中档,工作日午餐,2025-08-01
U1019,44,男,新化县,其他,粤菜,高档,家庭聚餐,2025-10-14
U1020,59,男,冷水江市,公务员,日韩料理,中档,家庭聚餐,2025-08-31
U1021,40,女,涟源市,学生,粤菜,经济型,学生午餐,2025-05-28
U1022,51,女,新化县,公务员,川菜,中档,商务宴请,2025-03-06
U1023,31,男,冷水江市,医生,小吃,高档,家庭聚餐,2025-12-11
U1024,55,男,新化县,公务员,素食,高档,商务宴请,2025-09-19
U1025,55,男,娄星区,上班族,粤菜,高档,商务聚餐,2025-08-29
U1026,57,女,新化县,工程师,小吃,中档,家庭聚餐,2026-01-08
U1027,45,女,新化县,工程师,日韩料理,中档,商务聚餐,2025-09-04
U1028,30,男,涟源市,其他,小吃,中档,工作日午餐,2025-06-27
U1029,35,女,双峰县,自由职业者,湘菜,经济型,户外用餐,2025-02-27
U1030,54,男,冷水江市,上班族,小吃,高档,家庭聚餐,2025-02-24
U1031,26,男,涟源市,学生,湘菜,经济型,学生午餐,2025-08-26
U1032,49,女,娄星区,学生,西餐,经济型,学生夜宵,2025-12-31
U1033,34,男,新化县,上班族,粤菜,经济型,学生用餐,2025-11-08
U1034,28,女,新化县,工程师,素食,高档,小吃,2025-09-22
U1035,21,男,双峰县,自由职业者,湘菜,高档,工作日午餐,2025-10-02
U1036,23,男,双峰县,医生,粤菜,高档,户外用餐,2025-04-15
U1037,60,女,新化县,自由职业者,川菜,高档,商务宴请,2025-07-16
U1038,35,男,涟源市,工程师,素食,高档,外卖,2025-03-03
U1039,60,女,双峰县,自由职业者,湘菜,高档,商务聚餐,2025-03-24
U1040,19,男,涟源市,自由职业者,素食,经济型,小吃,2025-07-03
U1041,52,男,娄星区,公务员,西餐,高档,商务聚餐,2025-06-28
U1042,55,男,新化县,教师,川菜,高档,商务聚餐,2025-04-22
U1043,53,男,双峰县,自由职业者,西餐,高档,家庭聚餐,2025-10-10
U1044,57,男,娄星区,工程师,粤菜,高档,商务宴请,2025-09-14
U1045,31,男,双峰县,公务员,素食,中档,工作日晚餐,2025-09-02
U1046,46,男,涟源市,学生,素食,经济型,学生夜宵,2026-01-03
U1047,23,男,新化县,自由职业者,川菜,中档,夜宵,2025-08-22
U1048,30,男,双峰县,学生,小吃,经济型,学生夜宵,2025-05-03
U1049,57,女,冷水江市,其他,素食,中档,商务聚餐,2025-08-16
U1050,28,男,娄星区,医生,川菜,中档,甜品,2025-02-25
U1051,56,男,涟源市,学生,素食,经济型,学生早餐,2025-08-03
U1052,27,女,涟源市,学生,素食,经济型,学生夜宵,2025-12-07
U1053,45,女,双峰县,学生,日韩料理,经济型,学生早餐,2025-10-29
U1054,55,男,冷水江市,其他,日韩料理,中档,商务宴请,2025-05-02
U1055,23,女,新化县,工程师,小吃,高档,周末早餐,2025-02-15
U1056,24,男,新化县,工程师,素食,中档,商务宴请,2025-06-27
U1057,52,男,冷水江市,上班族,川菜,中档,商务宴请,2025-12-27
U1058,19,女,双峰县,医生,素食,高档,户外用餐,2025-08-12
U1059,49,男,冷水江市,上班族,小吃,中档,家庭聚餐,2025-09-28
U1060,24,女,冷水江市,其他,日韩料理,中档,周末聚餐,2025-06-26
U1061,18,男,涟源市,公务员,素食,高档,甜品,2025-07-09
U1062,56,男,双峰县,公务员,川菜,中档,家庭聚餐,2025-03-11
U1063,29,男,新化县,上班族,粤菜,经济型,工作日午餐,2025-07-10
U1064,18,女,双峰县,上班族,西餐,经济型,家庭聚餐,2025-05-16
U1065,48,女,娄星区,其他,素食,高档,商务聚餐,2025-06-07
U1066,59,男,新化县,其他,湘菜,中档,商务聚餐,2025-05-03
U1067,25,男,娄星区,教师,日韩料理,经济型,早餐,2025-05-21
U1068,25,女,娄星区,医生,西餐,中档,商务聚餐,2025-09-29
U1069,31,女,涟源市,学生,快餐,经济型,学生夜宵,2025-12-07
U1070,42,男,冷水江市,工程师,川菜,高档,家庭聚餐,2025-04-10
U1071,50,女,双峰县,学生,西餐,经济型,学生午餐,2025-05-07
U1072,33,女,冷水江市,自由职业者,快餐,经济型,外卖,2025-04-08
U1073,55,男,冷水江市,工程师,小吃,中档,家庭聚餐,2025-06-09
U1074,51,男,双峰县,学生,西餐,经济型,学生用餐,2025-10-08
U1075,57,女,冷水江市,上班族,素食,高档,家庭聚餐,2025-08-24
U1076,44,女,涟源市,学生,素食,经济型,学生早餐,2025-08-23
U1077,50,女,双峰县,自由职业者,粤菜,高档,商务宴请,2025-07-18
U1078,20,女,涟源市,上班族,川菜,经济型,家庭聚餐,2025-02-21
U1079,27,女,娄星区,学生,日韩料理,经济型,学生用餐,2026-01-08
U1080,19,男,冷水江市,自由职业者,西餐,高档,学生早餐,2025-04-16
U1081,49,男,涟源市,医生,快餐,中档,家庭聚餐,2025-07-15
U1082,50,女,涟源市,教师,西餐,中档,商务聚餐,2025-05-08
U1083,25,女,新化县,工程师,快餐,经济型,周末午餐,2025-07-23
U1084,22,女,双峰县,上班族,粤菜,经济型,早餐,2025-07-16
U1085,39,女,冷水江市,上班族,日韩料理,高档,工作日午餐,2025-10-14
U1086,48,女,涟源市,医生,快餐,中档,商务聚餐,2025-02-24
U1087,49,男,冷水江市,学生,川菜,经济型,学生晚餐,2025-03-29
U1088,25,男,冷水江市,上班族,西餐,高档,学生早餐,2026-01-02
U1089,47,男,双峰县,教师,粤菜,高档,商务聚餐,2025-07-27
U1090,57,男,涟源市,其他,日韩料理,中档,商务聚餐,2025-03-19
U1091,46,男,新化县,教师,素食,中档,商务聚餐,2025-07-17
U1092,33,女,娄星区,医生,小吃,经济型,情侣约会,2025-04-03
U1093,41,女,冷水江市,自由职业者,粤菜,中档,商务宴请,2025-02-17
U1094,26,女,冷水江市,工程师,川菜,高档,午餐,2025-05-11
U1095,60,女,双峰县,公务员,日韩料理,中档,商务聚餐,2025-08-18
U1096,25,男,冷水江市,教师,素食,中档,户外用餐,2025-08-22
U1097,20,男,娄星区,自由职业者,川菜,高档,朋友聚会,2025-02-28
U1098,36,男,双峰县,自由职业者,日韩料理,中档,甜品,2025-05-01
U1099,41,男,涟源市,教师,日韩料理,高档,商务聚餐,2025-07-06
U1100,52,女,涟源市,公务员,小吃,中档,商务聚餐,2026-01-04
U1101,50,男,冷水江市,学生,西餐,经济型,学生夜宵,2025-11-26
U1102,43,女,新化县,学生,小吃,经济型,学生夜宵,2025-05-31
U1103,55,女,涟源市,工程师,小吃,高档,商务聚餐,2025-08-31
U1104,28,男,新化县,教师,粤菜,高档,周末早餐,2025-11-11
U1105,19,女,新化县,公务员,日韩料理,中档,夜宵,2026-01-15
U1106,31,男,新化县,公务员,湘菜,高档,工作日午餐,2025-12-17
U1107,54,女,新化县,上班族,快餐,中档,商务宴请,2025-05-18
U1108,25,男,涟源市,自由职业者,西餐,中档,周末午餐,2025-04-22
U1109,39,女,冷水江市,公务员,素食,经济型,学生午餐,2025-12-08
U1110,23,男,娄星区,公务员,川菜,高档,情侣约会,2025-12-22
U1111,34,男,冷水江市,公务员,快餐,高档,节日聚餐,2026-01-28
U1112,44,女,娄星区,工程师,快餐,高档,商务聚餐,2025-12-02
U1113,34,女,新化县,其他,湘菜,高档,周末早餐,2025-09-04
U1114,29,男,涟源市,自由职业者,西餐,经济型,周末聚餐,2025-04-20
U1115,34,女,双峰县,工程师,日韩料理,中档,下午茶,2025-04-18
U1116,41,男,娄星区,工程师,西餐,高档,商务聚餐,2025-06-28
U1117,56,女,娄星区,上班族,西餐,中档,商务宴请,2025-02-26
U1118,37,女,冷水江市,医生,素食,中档,商务聚餐,2025-09-06
U1119,47,女,双峰县,公务员,日韩料理,中档,商务宴请,2025-12-29
U1120,29,男,涟源市,公务员,素食,中档,亲子聚餐,2025-12-25
U1121,44,女,双峰县,自由职业者,川菜,高档,家庭聚餐,2025-05-11
U1122,23,男,冷水江市,学生,日韩料理,经济型,学生用餐,2025-06-20
U1123,50,男,冷水江市,其他,素食,中档,家庭聚餐,2025-03-28
U1124,47,男,涟源市,公务员,素食,中档,家庭聚餐,2025-10-07
U1125,20,女,娄星区,公务员,素食,中档,学生夜宵,2025-12-09
U1126,46,男,双峰县,教师,湘菜,中档,商务宴请,2025-02-26
U1127,30,男,涟源市,教师,湘菜,高档,甜品,2025-05-23
U1128,56,男,冷水江市,其他,快餐,中档,商务宴请,2025-08-09
U1129,44,男,涟源市,公务员,日韩料理,中档,商务宴请,2025-04-08
U1130,29,男,双峰县,医生,西餐,高档,商务聚餐,2025-06-21
U1131,52,男,冷水江市,学生,小吃,经济型,学生夜宵,2025-08-13
U1132,52,男,涟源市,医生,西餐,中档,商务聚餐,2025-11-12
U1133,59,男,娄星区,学生,湘菜,经济型,学生午餐,2025-04-30
U1134,31,女,涟源市,教师,日韩料理,经济型,早餐,2025-09-12
U1135,50,男,娄星区,工程师,川菜,高档,商务聚餐,2025-03-15
U1136,46,女,新化县,自由职业者,西餐,中档,商务聚餐,2025-08-31
U1137,34,女,冷水江市,学生,川菜,经济型,学生夜宵,2025-03-02
U1138,27,女,冷水江市,工程师,粤菜,高档,学生晚餐,2025-08-07
U1139,19,女,双峰县,其他,快餐,高档,学生午餐,2025-07-30
U1140,30,男,新化县,学生,快餐,经济型,学生用餐,2026-01-28
U1141,18,男,娄星区,上班族,快餐,经济型,商务宴请,2025-10-16
U1142,21,女,双峰县,自由职业者,小吃,经济型,学生夜宵,2025-09-11
U1143,54,女,娄星区,教师,川菜,中档,商务聚餐,2025-04-17
U1144,49,女,娄星区,教师,粤菜,高档,商务宴请,2025-05-06
U1145,60,女,娄星区,工程师,快餐,高档,商务宴请,2026-01-30
U1146,47,男,双峰县,其他,西餐,高档,家庭聚餐,2025-03-20
U1147,59,女,冷水江市,教师,小吃,高档,商务宴请,2025-11-12
U1148,40,女,双峰县,公务员,川菜,中档,家庭聚餐,2025-08-05
U1149,49,女,双峰县,学生,川菜,经济型,学生早餐,2025-04-16
U1150,42,男,双峰县,工程师,素食,高档,家庭聚餐,2025-08-05
U1151,53,男,新化县,教师,川菜,高档,家庭聚餐,2025-10-22
U1152,58,女,新化县,上班族,西餐,中档,商务聚餐,2025-05-29
U1153,21,女,娄星区,医生,粤菜,中档,甜品,2025-03-01
U1154,23,男,冷水江市,教师,快餐,经济型,情侣约会,2025-06-13
U1155,58,男,新化县,上班族,快餐,高档,商务聚餐,2025-02-27
U1156,53,女,冷水江市,公务员,西餐,高档,商务宴请,2025-05-23
U1157,26,男,涟源市,其他,日韩料理,中档,商务聚餐,2025-02-19
U1158,24,女,涟源市,自由职业者,西餐,高档,学生夜宵,2026-01-19
U1159,55,女,涟源市,医生,湘菜,高档,商务聚餐,2025-10-18
U1160,33,女,娄星区,其他,日韩料理,高档,家庭聚餐,2025-12-30
U1161,31,男,冷水江市,公务员,小吃,高档,亲子聚餐,2026-01-10
U1162,33,女,双峰县,工程师,日韩料理,中档,学生晚餐,2025-12-31
U1163,43,男,双峰县,公务员,日韩料理,中档,家庭聚餐,2025-11-26
U1164,31,男,新化县,上班族,西餐,高档,户外用餐,2025-02-04
U1165,33,男,冷水江市,上班族,湘菜,中档,学生夜宵,2025-03-26
U1166,39,男,新化县,其他,小吃,中档,学生晚餐,2025-04-27
U1167,58,女,双峰县,自由职业者,西餐,高档,家庭聚餐,2025-12-08
U1168,50,男,冷水江市,自由职业者,粤菜,高档,商务聚餐,2025-08-24
U1169,20,女,涟源市,教师,小吃,中档,下午茶,2025-12-04
U1170,52,男,新化县,上班族,日韩料理,高档,商务宴请,2025-08-14
U1171,20,女,冷水江市,自由职业者,素食,中档,外卖,2025-07-11
U1172,41,男,涟源市,公务员,日韩料理,中档,家庭聚餐,2025-06-25
U1173,59,女,冷水江市,学生,西餐,经济型,学生早餐,2025-02-17
U1174,47,女,新化县,教师,粤菜,高档,商务宴请,2025-09-07
U1175,35,男,新化县,医生,西餐,高档,周末聚餐,2025-06-03
U1176,50,女,新化县,学生,湘菜,经济型,学生早餐,2025-11-10
U1177,38,女,冷水江市,学生,粤菜,经济型,学生夜宵,2025-05-20
U1178,49,女,新化县,医生,湘菜,中档,商务宴请,2025-10-15
U1179,51,女,双峰县,医生,素食,高档,商务宴请,2025-10-28
U1180,45,男,冷水江市,上班族,素食,中档,家庭聚餐,2025-05-28
U1181,53,女,娄星区,教师,西餐,中档,家庭聚餐,2025-05-17
U1182,47,女,娄星区,医生,湘菜,高档,商务宴请,2025-04-13
U1183,29,女,新化县,其他,粤菜,中档,学生夜宵,2025-08-07
U1184,24,女,冷水江市,教师,湘菜,经济型,朋友聚会,2025-10-04
U1185,26,女,冷水江市,公务员,小吃,中档,周末午餐,2025-12-26
U1186,55,男,娄星区,自由职业者,日韩料理,中档,家庭聚餐,2025-09-28
U1187,20,女,娄星区,教师,小吃,经济型,工作日早餐,2025-12-15
U1188,51,男,冷水江市,其他,小吃,高档,商务聚餐,2025-11-11
U1189,23,女,涟源市,上班族,日韩料理,高档,甜品,2025-05-21
U1190,39,女,新化县,医生,粤菜,经济型,午餐,2025-02-04
U1191,46,男,冷水江市,自由职业者,湘菜,中档,家庭聚餐,2025-12-02
U1192,20,男,双峰县,其他,湘菜,中档,学生用餐,2025-09-19
U1193,33,女,娄星区,公务员,素食,高档,家庭聚餐,2025-12-23
U1194,24,女,冷水江市,公务员,素食,中档,商务聚餐,2026-01-15
U1195,51,男,娄星区,学生,西餐,经济型,学生午餐,2025-10-03
U1196,36,女,涟源市,工程师,湘菜,经济型,情侣约会,2025-10-08
U1197,30,男,娄星区,公务员,粤菜,高档,工作日早餐,2025-09-07
U1198,55,男,冷水江市,自由职业者,湘菜,高档,家庭聚餐,2025-03-14
U1199,60,女,涟源市,学生,快餐,经济型,学生夜宵,2025-10-21
U1200,50,女,新化县,教师,小吃,中档,商务聚餐,2025-09-10
U1201,25,女,冷水江市,教师,日韩料理,中档,早餐,2025-03-24
U1202,30,女,双峰县,其他,湘菜,经济型,学生早餐,2026-01-27
U1203,30,男,新化县,教师,湘菜,经济型,周末聚餐,2025-10-25
U1204,54,女,双峰县,工程师,西餐,中档,商务聚餐,2025-11-04
U1205,22,女,冷水江市,教师,小吃,经济型,情侣约会,2025-11-04
U1206,40,男,双峰县,工程师,川菜,经济型,家庭聚餐,2025-07-18
U1207,21,男,双峰县,自由职业者,湘菜,中档,商务宴请,2025-02-15
U1208,47,女,冷水江市,公务员,川菜,高档,商务聚餐,2025-08-24
U1209,24,女,涟源市,上班族,快餐,经济型,商务宴请,2025-06-21
U1210,48,女,冷水江市,医生,快餐,高档,商务宴请,2025-08-07
U1211,55,男,新化县,医生,小吃,中档,家庭聚餐,2025-08-12
U1212,52,女,双峰县,公务员,快餐,中档,商务聚餐,2025-08-21
U1213,57,男,双峰县,其他,粤菜,高档,商务聚餐,2025-03-28
U1214,48,男,新化县,学生,川菜,经济型,学生午餐,2025-03-05
U1215,48,男,冷水江市,工程师,西餐,中档,商务聚餐,2025-09-05
U1216,36,女,涟源市,自由职业者,快餐,经济型,工作日午餐,2025-09-27
U1217,45,女,娄星区,上班族,小吃,中档,商务宴请,2025-07-05
U1218,54,男,涟源市,医生,湘菜,高档,商务宴请,2025-12-04
U1219,42,女,冷水江市,其他,日韩料理,高档,商务聚餐,2025-09-16
U1220,30,男,双峰县,教师,快餐,经济型,周末晚餐,2025-03-11
U1221,52,男,娄星区,学生,快餐,经济型,学生晚餐,2025-03-25
U1222,54,女,涟源市,教师,西餐,中档,商务宴请,2025-02-05
U1223,59,男,新化县,其他,快餐,高档,商务宴请,2025-02-28
U1224,40,女,新化县,上班族,快餐,经济型,周末午餐,2025-03-28
U1225,21,男,双峰县,自由职业者,粤菜,经济型,工作日午餐,2025-05-20
U1226,43,男,涟源市,学生,西餐,经济型,学生午餐,2025-12-12
U1227,32,男,冷水江市,教师,素食,经济型,情侣约会,2025-02-14
U1228,54,女,涟源市,公务员,快餐,高档,商务聚餐,2025-11-04
U1229,34,男,冷水江市,自由职业者,川菜,高档,小吃,2025-07-14
U1230,44,女,娄星区,其他,粤菜,高档,商务聚餐,2025-08-01
U1231,21,男,冷水江市,自由职业者,粤菜,中档,夜宵,2025-10-25
U1232,58,女,娄星区,医生,素食,中档,家庭聚餐,2025-11-28
U1233,22,女,新化县,公务员,日韩料理,经济型,学生午餐,2025-04-18
U1234,26,女,新化县,医生,湘菜,经济型,学生早餐,2025-10-20
U1235,38,男,涟源市,公务员,川菜,中档,工作日早餐,2025-09-25
U1236,26,女,娄星区,教师,湘菜,中档,情侣约会,2025-12-24
U1237,37,男,冷水江市,上班族,川菜,高档,节日聚餐,2025-04-11
U1238,42,男,娄星区,学生,川菜,经济型,学生用餐,2025-03-29
U1239,28,男,双峰县,医生,日韩料理,中档,午餐,2025-04-08
U1240,26,男,娄星区,教师,快餐,中档,周末早餐,2025-04-15
U1241,57,男,新化县,学生,湘菜,经济型,学生夜宵,2025-10-01
U1242,35,女,涟源市,学生,日韩料理,经济型,学生夜宵,2025-04-13
U1243,38,女,新化县,公务员,湘菜,经济型,学生用餐,2025-11-02
U1244,27,女,冷水江市,其他,川菜,中档,工作日晚餐,2025-08-27
U1245,54,女,娄星区,教师,西餐,高档,家庭聚餐,2025-02-13
U1246,30,男,冷水江市,其他,素食,高档,早餐,2025-08-20
U1247,53,男,冷水江市,教师,日韩料理,高档,商务聚餐,2025-08-05
U1248,26,男,双峰县,教师,日韩料理,中档,周末午餐,2025-09-06
U1249,37,男,娄星区,自由职业者,湘菜,高档,下午茶,2025-07-25
U1250,51,男,娄星区,医生,快餐,高档,商务聚餐,2025-04-07
U1251,47,女,娄星区,自由职业者,湘菜,高档,商务聚餐,2025-03-07
U1252,37,男,涟源市,学生,西餐,经济型,学生早餐,2025-11-06
U1253,35,女,冷水江市,医生,川菜,经济型,学生早餐,2025-10-11
U1254,38,男,新化县,医生,西餐,经济型,周末午餐,2026-01-12
U1255,36,男,双峰县,其他,快餐,高档,学生早餐,2025-10-02
U1256,57,男,娄星区,工程师,粤菜,中档,家庭聚餐,2025-07-03
U1257,57,女,涟源市,教师,小吃,中档,商务聚餐,2025-05-21
U1258,50,男,涟源市,上班族,川菜,高档,商务宴请,2025-02-01
U1259,21,男,涟源市,自由职业者,川菜,高档,工作日午餐,2025-02-23
U1260,55,男,冷水江市,工程师,素食,中档,家庭聚餐,2025-03-16
U1261,49,女,冷水江市,医生,西餐,高档,商务聚餐,2025-08-26
U1262,56,女,双峰县,学生,快餐,经济型,学生夜宵,2025-03-30
U1263,24,女,娄星区,公务员,素食,中档,周末晚餐,2025-12-14
U1264,30,女,冷水江市,工程师,川菜,经济型,工作日午餐,2025-08-27
U1265,29,男,新化县,上班族,素食,高档,商务宴请,2025-04-03
U1266,33,男,双峰县,医生,小吃,经济型,工作日早餐,2025-11-16
U1267,32,女,新化县,教师,素食,高档,学生晚餐,2025-09-22
U1268,25,男,冷水江市,医生,粤菜,中档,亲子聚餐,2025-08-26
U1269,27,男,新化县,学生,川菜,经济型,学生晚餐,2025-12-29
U1270,59,男,新化县,上班族,川菜,高档,家庭聚餐,2025-07-22
U1271,59,男,双峰县,工程师,日韩料理,高档,商务宴请,2025-07-28
U1272,46,男,双峰县,上班族,湘菜,中档,家庭聚餐,2025-07-05
U1273,26,女,新化县,自由职业者,粤菜,高档,周末午餐,2025-04-10
U1274,25,女,娄星区,医生,日韩料理,中档,外卖,2025-09-28
U1275,43,男,涟源市,医生,快餐,高档,家庭聚餐,2025-06-18
U1276,56,男,涟源市,公务员,湘菜,中档,商务聚餐,2025-04-01
U1277,27,男,双峰县,教师,日韩料理,高档,朋友聚会,2025-07-21
U1278,54,女,涟源市,公务员,粤菜,中档,商务宴请,2025-06-05
U1279,48,男,双峰县,上班族,快餐,中档,商务聚餐,2025-03-11
U1280,51,女,涟源市,教师,粤菜,中档,商务聚餐,2025-10-05
U1281,23,男,新化县,医生,素食,经济型,商务宴请,2026-01-21
U1282,30,男,涟源市,其他,湘菜,经济型,学生夜宵,2025-09-08
U1283,52,男,涟源市,其他,日韩料理,中档,商务聚餐,2025-04-23
U1284,52,女,双峰县,公务员,西餐,高档,商务聚餐,2025-08-10
U1285,34,女,涟源市,工程师,素食,高档,夜宵,2025-07-01
U1286,41,男,冷水江市,医生,小吃,中档,家庭聚餐,2025-04-18
U1287,26,男,新化县,上班族,快餐,中档,早餐,2025-05-31
U1288,38,女,娄星区,医生,快餐,高档,周末午餐,2025-12-09
U1289,46,男,双峰县,其他,西餐,中档,家庭聚餐,2025-03-19
U1290,31,男,涟源市,自由职业者,快餐,高档,学生用餐,2025-06-13
U1291,24,女,涟源市,其他,小吃,高档,情侣约会,2025-05-10
U1292,48,男,新化县,医生,日韩料理,高档,家庭聚餐,2025-12-20
U1293,39,男,双峰县,自由职业者,小吃,中档,周末早餐,2025-12-15
U1294,44,女,涟源市,学生,日韩料理,经济型,学生夜宵,2025-10-02
U1295,28,男,涟源市,教师,粤菜,高档,户外用餐,2025-08-01
U1296,29,女,新化县,其他,粤菜,经济型,户外用餐,2025-03-15
U1297,32,男,双峰县,公务员,西餐,经济型,学生夜宵,2026-01-23
U1298,49,女,双峰县,学生,日韩料理,经济型,学生用餐,2025-06-01
U1299,60,女,娄星区,自由职业者,川菜,高档,商务宴请,2025-07-22
U1300,46,女,双峰县,学生,川菜,经济型,学生夜宵,2025-03-16
U1301,59,男,娄星区,自由职业者,粤菜,高档,家庭聚餐,2025-11-01
U1302,33,女,新化县,学生,小吃,经济型,学生用餐,2026-01-01
U1303,38,女,涟源市,上班族,川菜,中档,节日聚餐,2025-12-28
U1304,40,男,涟源市,医生,西餐,中档,情侣约会,2025-11-26
U1305,35,女,娄星区,其他,素食,中档,户外用餐,2025-12-23
U1306,20,男,双峰县,上班族,川菜,高档,周末聚餐,2025-05-03
U1307,38,女,娄星区,公务员,西餐,高档,学生午餐,2025-05-15
U1308,49,女,新化县,教师,小吃,中档,商务聚餐,2025-06-25
U1309,60,女,娄星区,其他,素食,中档,家庭聚餐,2025-03-21
U1310,30,男,涟源市,其他,西餐,中档,小吃,2025-09-10
U1311,41,女,涟源市,自由职业者,湘菜,中档,家庭聚餐,2025-11-28
U1312,32,女,新化县,工程师,快餐,中档,周末聚餐,2025-07-13
U1313,23,女,双峰县,教师,小吃,经济型,周末聚餐,2025-12-27
U1314,18,男,涟源市,学生,素食,经济型,学生夜宵,2025-04-20
U1315,46,男,涟源市,工程师,粤菜,高档,家庭聚餐,2025-12-08
U1316,43,女,双峰县,公务员,西餐,中档,家庭聚餐,2025-06-24
U1317,43,男,双峰县,公务员,西餐,高档,家庭聚餐,2025-11-20
U1318,31,女,娄星区,上班族,西餐,中档,商务宴请,2025-05-13
U1319,42,男,双峰县,工程师,素食,中档,商务聚餐,2025-09-18
U1320,48,男,双峰县,学生,小吃,经济型,学生午餐,2025-09-14
U1321,32,男,双峰县,教师,小吃,经济型,工作日早餐,2025-11-14
U1322,27,男,冷水江市,其他,粤菜,中档,工作日午餐,2025-08-07
U1323,59,男,冷水江市,其他,川菜,高档,商务宴请,2025-07-31
U1324,21,男,涟源市,公务员,素食,经济型,学生晚餐,2025-07-20
U1325,38,女,冷水江市,公务员,川菜,中档,午餐,2025-08-02
U1326,40,女,新化县,公务员,日韩料理,经济型,节日聚餐,2025-04-21
U1327,23,男,冷水江市,工程师,快餐,中档,商务聚餐,2025-07-16
U1328,54,男,涟源市,公务员,粤菜,高档,商务宴请,2025-09-16
U1329,53,女,涟源市,公务员,湘菜,中档,商务宴请,2025-03-02
U1330,54,女,涟源市,上班族,川菜,中档,家庭聚餐,2025-08-06
U1331,37,男,娄星区,学生,粤菜,经济型,学生用餐,2025-03-06
U1332,27,女,双峰县,其他,川菜,高档,学生早餐,2025-12-08
U1333,45,男,涟源市,自由职业者,西餐,高档,商务宴请,2025-11-03
U1334,51,女,双峰县,其他,素食,高档,家庭聚餐,2025-09-25
U1335,47,女,娄星区,上班族,西餐,中档,商务聚餐,2025-03-08
U1336,20,男,冷水江市,上班族,快餐,中档,下午茶,2025-09-14
U1337,51,女,娄星区,工程师,西餐,高档,商务聚餐,2026-01-16
U1338,35,女,新化县,教师,日韩料理,经济型,周末晚餐,2025-10-02
U1339,28,女,双峰县,学生,川菜,经济型,学生晚餐,2025-07-16
U1340,56,男,涟源市,教师,川菜,中档,商务聚餐,2025-10-25
U1341,60,女,涟源市,上班族,湘菜,高档,商务聚餐,2025-11-19
U1342,49,女,涟源市,上班族,川菜,中档,商务聚餐,2025-06-30
U1343,32,女,双峰县,工程师,川菜,中档,学生早餐,2025-04-04
U1344,30,男,涟源市,医生,西餐,经济型,外卖,2025-02-25
U1345,46,女,新化县,上班族,日韩料理,中档,商务宴请,2025-05-24
U1346,23,女,娄星区,上班族,小吃,中档,外卖,2025-02-10
U1347,42,男,双峰县,医生,小吃,中档,商务宴请,2025-07-26
U1348,20,男,冷水江市,上班族,湘菜,中档,学生晚餐,2025-04-04
U1349,42,男,娄星区,医生,素食,中档,商务宴请,2025-12-01
U1350,60,男,娄星区,教师,川菜,中档,家庭聚餐,2025-08-14
U1351,35,男,涟源市,教师,西餐,中档,亲子聚餐,2025-05-03
U1352,26,女,双峰县,医生,素食,中档,早餐,2025-11-29
U1353,42,男,娄星区,学生,日韩料理,经济型,学生早餐,2025-07-22
U1354,52,男,冷水江市,上班族,湘菜,高档,商务宴请,2025-12-04
U1355,33,女,娄星区,工程师,快餐,经济型,小吃,2026-01-12
U1356,22,男,娄星区,其他,湘菜,中档,甜品,2025-09-18
U1357,41,男,冷水江市,教师,川菜,中档,商务聚餐,2025-08-22
U1358,45,男,冷水江市,公务员,西餐,高档,商务聚餐,2025-08-22
U1359,24,女,涟源市,医生,湘菜,中档,小吃,2025-06-26
U1360,42,女,涟源市,其他,川菜,高档,家庭聚餐,2025-08-28
U1361,18,男,涟源市,学生,川菜,经济型,学生午餐,2025-12-04
U1362,47,女,涟源市,上班族,小吃,中档,商务聚餐,2025-12-25
U1363,48,男,涟源市,自由职业者,粤菜,中档,商务聚餐,2025-08-21
U1364,54,女,娄星区,上班族,日韩料理,中档,家庭聚餐,2025-04-10
U1365,57,男,冷水江市,其他,小吃,高档,商务聚餐,2025-10-18
U1366,60,男,双峰县,公务员,素食,高档,商务聚餐,2026-01-26
U1367,50,男,娄星区,公务员,粤菜,高档,商务宴请,2025-10-23
U1368,57,女,娄星区,医生,日韩料理,高档,家庭聚餐,2025-12-14
U1369,38,女,冷水江市,工程师,小吃,高档,外卖,2025-05-03
U1370,29,女,涟源市,其他,素食,经济型,工作日早餐,2025-11-25
U1371,19,男,涟源市,工程师,小吃,中档,夜宵,2025-02-10
U1372,40,女,冷水江市,公务员,西餐,中档,学生午餐,2025-10-07
U1373,51,女,涟源市,上班族,日韩料理,中档,商务聚餐,2025-12-16
U1374,50,女,娄星区,医生,川菜,高档,商务聚餐,2025-09-23
U1375,32,女,双峰县,公务员,湘菜,中档,学生早餐,2025-02-18
U1376,50,女,涟源市,医生,素食,中档,商务宴请,2025-10-11
U1377,59,男,冷水江市,工程师,素食,高档,商务聚餐,2025-05-23
U1378,35,男,冷水江市,工程师,素食,中档,工作日晚餐,2025-05-16
U1379,33,男,涟源市,自由职业者,小吃,中档,夜宵,2025-05-21
U1380,18,女,冷水江市,自由职业者,粤菜,高档,外卖,2025-07-22
U1381,41,男,双峰县,教师,小吃,中档,商务宴请,2025-03-24
U1382,24,男,娄星区,上班族,日韩料理,中档,学生午餐,2025-12-15
U1383,32,男,冷水江市,学生,川菜,经济型,学生午餐,2025-10-07
U1384,24,女,娄星区,工程师,素食,高档,工作日午餐,2025-03-20
U1385,38,男,双峰县,其他,湘菜,中档,工作日早餐,2025-06-21
U1386,37,女,新化县,学生,川菜,经济型,学生用餐,2025-03-12
U1387,54,男,双峰县,学生,粤菜,经济型,学生晚餐,2025-07-09
U1388,38,男,娄星区,工程师,粤菜,经济型,下午茶,2025-12-23
U1389,54,女,双峰县,医生,小吃,高档,家庭聚餐,2025-10-17
U1390,53,女,娄星区,工程师,快餐,高档,商务聚餐,2025-06-09
U1391,46,男,涟源市,教师,小吃,中档,商务聚餐,2025-08-28
U1392,50,女,涟源市,工程师,湘菜,中档,家庭聚餐,2025-06-06
U1393,41,女,娄星区,医生,日韩料理,中档,家庭聚餐,2025-09-08
U1394,28,男,新化县,上班族,粤菜,经济型,学生夜宵,2025-02-22
U1395,31,男,双峰县,其他,素食,高档,商务聚餐,2025-05-01
U1396,56,女,娄星区,上班族,日韩料理,中档,商务宴请,2025-11-13
U1397,60,男,冷水江市,上班族,川菜,中档,商务宴请,2025-10-09
U1398,36,男,双峰县,自由职业者,粤菜,经济型,周末晚餐,2025-06-10
U1399,31,男,冷水江市,教师,快餐,经济型,学生用餐,2025-02-19
U1400,23,男,娄星区,学生,湘菜,经济型,学生用餐,2025-05-12
U1401,51,男,涟源市,其他,小吃,高档,商务宴请,2025-03-15
U1402,59,男,新化县,学生,快餐,经济型,学生午餐,2025-10-17
U1403,36,女,娄星区,其他,小吃,高档,下午茶,2025-10-10
U1404,37,女,冷水江市,工程师,小吃,高档,周末晚餐,2025-10-28
U1405,46,女,双峰县,自由职业者,快餐,中档,商务聚餐,2025-12-10
U1406,29,男,娄星区,医生,小吃,经济型,甜品,2025-08-12
U1407,47,女,娄星区,学生,西餐,经济型,学生午餐,2025-10-30
U1408,35,女,娄星区,其他,粤菜,中档,商务宴请,2025-05-05
U1409,30,男,双峰县,上班族,湘菜,中档,午餐,2025-10-09
U1410,52,男,新化县,医生,快餐,高档,商务宴请,2026-01-23
U1411,55,男,双峰县,工程师,川菜,中档,商务聚餐,2025-04-24
U1412,24,男,新化县,医生,小吃,经济型,朋友聚会,2025-04-23
U1413,60,男,冷水江市,公务员,快餐,高档,商务聚餐,2026-01-14
U1414,40,女,新化县,自由职业者,素食,中档,外卖,2025-02-23
U1415,54,男,冷水江市,教师,川菜,中档,家庭聚餐,2025-04-16
U1416,39,男,新化县,工程师,湘菜,经济型,学生夜宵,2025-07-26
U1417,32,女,娄星区,上班族,小吃,高档,商务宴请,2026-01-09
U1418,29,男,娄星区,其他,日韩料理,中档,小吃,2025-04-02
U1419,32,女,双峰县,教师,粤菜,高档,情侣约会,2025-07-18
U1420,45,男,新化县,公务员,快餐,高档,家庭聚餐,2025-04-24
U1421,38,男,涟源市,工程师,川菜,高档,早餐,2025-11-27
U1422,56,男,涟源市,工程师,粤菜,中档,家庭聚餐,2025-07-01
U1423,57,男,新化县,医生,快餐,中档,商务宴请,2025-12-12
U1424,44,男,涟源市,工程师,西餐,中档,商务宴请,2025-09-30
U1425,24,男,涟源市,教师,西餐,经济型,商务聚餐,2025-05-08
U1426,40,男,新化县,自由职业者,素食,中档,学生夜宵,2026-01-06
U1427,39,男,新化县,工程师,川菜,中档,早餐,2025-11-25
U1428,58,男,冷水江市,学生,湘菜,经济型,学生早餐,2025-09-04
U1429,49,男,新化县,学生,素食,经济型,学生用餐,2025-09-09
U1430,35,女,娄星区,教师,西餐,经济型,午餐,2025-04-24
U1431,38,男,涟源市,公务员,湘菜,经济型,亲子聚餐,2025-05-01
U1432,43,女,涟源市,自由职业者,日韩料理,高档,商务宴请,2025-05-09
U1433,19,女,娄星区,医生,湘菜,高档,小吃,2025-05-28
U1434,55,男,冷水江市,上班族,小吃,高档,商务宴请,2025-02-03
U1435,36,男,新化县,医生,日韩料理,经济型,情侣约会,2025-10-17
U1436,36,男,冷水江市,自由职业者,粤菜,高档,户外用餐,2025-09-16
U1437,35,男,冷水江市,自由职业者,快餐,高档,学生午餐,2025-08-13
U1438,40,女,新化县,学生,日韩料理,经济型,学生午餐,2025-03-31
U1439,42,男,双峰县,自由职业者,日韩料理,高档,商务宴请,2025-12-05
U1440,59,男,涟源市,自由职业者,快餐,高档,商务宴请,2025-10-08
U1441,57,女,冷水江市,其他,川菜,高档,商务聚餐,2025-07-24
U1442,54,男,双峰县,教师,小吃,高档,家庭聚餐,2025-12-26
U1443,28,男,新化县,自由职业者,川菜,高档,学生夜宵,2025-05-30
U1444,59,女,娄星区,公务员,小吃,高档,家庭聚餐,2025-05-31
U1445,23,女,双峰县,自由职业者,日韩料理,中档,学生夜宵,2025-09-08
U1446,22,女,双峰县,医生,快餐,高档,情侣约会,2025-05-08
U1447,26,男,冷水江市,上班族,川菜,高档,下午茶,2025-07-11
U1448,22,男,涟源市,自由职业者,小吃,高档,亲子聚餐,2026-01-15
U1449,51,男,双峰县,自由职业者,西餐,高档,商务宴请,2025-02-13
U1450,31,男,新化县,工程师,西餐,高档,周末午餐,2025-10-07
U1451,29,男,新化县,其他,日韩料理,高档,家庭聚餐,2025-04-02
U1452,33,男,新化县,学生,粤菜,经济型,学生晚餐,2026-01-10
U1453,21,女,涟源市,自由职业者,川菜,经济型,工作日早餐,2025-10-04
U1454,33,女,新化县,医生,西餐,经济型,小吃,2025-06-05
U1455,57,女,娄星区,公务员,湘菜,高档,商务宴请,2026-01-23
U1456,56,男,双峰县,教师,素食,高档,商务宴请,2025-03-17
U1457,32,女,涟源市,自由职业者,小吃,经济型,工作日午餐,2025-03-09
U1458,51,女,双峰县,自由职业者,湘菜,中档,商务宴请,2025-12-18
U1459,30,女,冷水江市,学生,快餐,经济型,学生夜宵,2025-08-31
U1460,19,女,涟源市,学生,川菜,经济型,学生早餐,2025-03-15
U1461,60,男,冷水江市,公务员,素食,高档,家庭聚餐,2025-03-29
U1462,48,男,双峰县,学生,小吃,经济型,学生早餐,2025-02-20
U1463,18,女,涟源市,医生,西餐,经济型,学生晚餐,2025-10-01
U1464,46,女,娄星区,工程师,粤菜,中档,商务宴请,2025-05-22
U1465,57,女,冷水江市,其他,日韩料理,高档,家庭聚餐,2025-09-27
U1466,52,男,新化县,公务员,快餐,高档,家庭聚餐,2025-08-21
U1467,56,男,涟源市,自由职业者,湘菜,中档,商务聚餐,2025-03-07
U1468,31,男,冷水江市,其他,粤菜,高档,户外用餐,2025-09-20
U1469,30,女,新化县,教师,日韩料理,经济型,早餐,2025-04-29
U1470,30,男,涟源市,工程师,素食,中档,午餐,2025-07-22
U1471,49,女,涟源市,公务员,川菜,中档,商务宴请,2025-10-10
U1472,25,男,娄星区,上班族,素食,经济型,早餐,2025-06-03
U1473,55,男,娄星区,教师,日韩料理,中档,商务宴请,2025-11-20
U1474,46,女,娄星区,教师,快餐,中档,家庭聚餐,2025-08-30
U1475,55,女,涟源市,学生,湘菜,经济型,学生夜宵,2025-03-08
U1476,29,男,娄星区,工程师,粤菜,高档,户外用餐,2025-02-26
U1477,33,女,新化县,自由职业者,快餐,中档,节日聚餐,2025-02-02
U1478,50,女,双峰县,教师,川菜,中档,家庭聚餐,2025-09-17
U1479,57,男,双峰县,上班族,西餐,中档,商务聚餐,2025-09-26
U1480,50,男,娄星区,公务员,快餐,高档,商务宴请,2025-05-10
U1481,47,女,娄星区,其他,素食,中档,商务宴请,2025-08-12
U1482,47,男,双峰县,工程师,粤菜,高档,商务宴请,2025-04-26
U1483,31,男,双峰县,医生,小吃,中档,周末聚餐,2026-01-28
U1484,22,男,双峰县,医生,日韩料理,高档,工作日晚餐,2025-12-08
U1485,46,男,冷水江市,学生,快餐,经济型,学生用餐,2026-01-22
U1486,44,女,冷水江市,教师,素食,中档,商务宴请,2026-01-12
U1487,36,女,新化县,公务员,素食,高档,商务聚餐,2025-09-28
U1488,19,男,双峰县,自由职业者,小吃,经济型,商务宴请,2025-10-07
U1489,58,女,双峰县,公务员,川菜,中档,商务聚餐,2025-09-05
U1490,47,男,新化县,公务员,日韩料理,中档,家庭聚餐,2025-10-23
U1491,49,女,娄星区,学生,川菜,经济型,学生早餐,2025-11-08
U1492,36,男,冷水江市,公务员,川菜,中档,工作日早餐,2025-03-19
U1493,39,女,双峰县,学生,素食,经济型,学生午餐,2025-02-12
U1494,27,男,双峰县,公务员,小吃,高档,户外用餐,2025-10-08
U1495,59,男,娄星区,其他,西餐,高档,商务宴请,2025-10-24
U1496,52,女,冷水江市,公务员,川菜,中档,商务聚餐,2025-04-06
U1497,23,男,娄星区,工程师,快餐,中档,周末晚餐,2025-05-26
U1498,27,男,双峰县,自由职业者,日韩料理,经济型,朋友聚会,2025-11-17
U1499,38,男,冷水江市,学生,素食,经济型,学生晚餐,2025-03-16
U1500,38,男,新化县,教师,日韩料理,经济型,商务宴请,2025-03-19
U1501,34,男,涟源市,教师,小吃,中档,亲子聚餐,2025-11-04
U1502,38,男,娄星区,学生,素食,经济型,学生晚餐,2025-12-31
U1503,36,男,双峰县,上班族,小吃,中档,工作日午餐,2025-12-15
U1504,45,女,涟源市,其他,西餐,高档,商务聚餐,2025-08-13
U1505,31,女,冷水江市,医生,湘菜,高档,工作日晚餐,2025-01-30
U1506,23,女,冷水江市,医生,西餐,经济型,商务聚餐,2025-08-27
U1507,53,男,双峰县,教师,西餐,中档,商务聚餐,2025-08-20
U1508,30,男,涟源市,学生,粤菜,经济型,学生午餐,2025-11-10
U1509,19,女,双峰县,自由职业者,小吃,高档,学生夜宵,2026-01-01
U1510,22,女,涟源市,自由职业者,素食,经济型,商务聚餐,2025-05-12
U1511,19,女,新化县,学生,西餐,经济型,学生晚餐,2025-02-22
U1512,22,女,涟源市,公务员,粤菜,中档,学生早餐,2025-08-18
U1513,20,男,新化县,工程师,川菜,中档,下午茶,2025-05-12
U1514,44,男,新化县,其他,小吃,高档,商务聚餐,2025-09-13
U1515,40,女,新化县,学生,西餐,经济型,学生夜宵,2026-01-03
U1516,55,女,娄星区,上班族,素食,高档,商务宴请,2025-08-17
U1517,18,男,娄星区,上班族,川菜,经济型,外卖,2026-01-18
U1518,54,女,涟源市,自由职业者,小吃,高档,商务聚餐,2025-02-15
U1519,26,男,双峰县,教师,日韩料理,经济型,周末早餐,2025-04-25
U1520,38,女,涟源市,自由职业者,小吃,经济型,户外用餐,2026-01-14
U1521,51,男,娄星区,自由职业者,快餐,高档,家庭聚餐,2025-04-11
U1522,34,男,新化县,自由职业者,快餐,高档,小吃,2026-01-22
U1523,23,男,冷水江市,公务员,小吃,高档,商务宴请,2025-02-14
U1524,24,女,涟源市,教师,西餐,高档,学生夜宵,2026-01-02
U1525,19,男,冷水江市,医生,湘菜,经济型,户外用餐,2025-06-17
U1526,46,男,新化县,自由职业者,日韩料理,高档,商务聚餐,2025-10-21
U1527,44,男,娄星区,上班族,小吃,高档,商务宴请,2025-07-19
U1528,29,女,娄星区,公务员,日韩料理,经济型,亲子聚餐,2025-12-24
U1529,25,女,娄星区,教师,日韩料理,经济型,家庭聚餐,2025-08-08
U1530,58,女,双峰县,其他,西餐,高档,家庭聚餐,2025-06-16
U1531,55,男,娄星区,教师,西餐,高档,商务宴请,2025-02-09
U1532,26,男,双峰县,上班族,湘菜,经济型,甜品,2025-09-21
U1533,50,男,涟源市,医生,素食,中档,家庭聚餐,2025-06-03
U1534,23,男,涟源市,自由职业者,日韩料理,中档,工作日早餐,2026-01-29
U1535,49,男,娄星区,医生,小吃,高档,商务聚餐,2025-04-17
U1536,53,女,涟源市,教师,粤菜,中档,商务宴请,2025-11-10
U1537,52,女,冷水江市,教师,素食,高档,家庭聚餐,2026-01-16
U1538,30,女,冷水江市,学生,快餐,经济型,学生夜宵,2025-04-27
U1539,41,女,新化县,医生,快餐,高档,商务宴请,2026-01-07
U1540,45,女,新化县,医生,粤菜,中档,家庭聚餐,2025-07-30
U1541,45,女,娄星区,工程师,川菜,中档,家庭聚餐,2025-06-21
U1542,52,男,冷水江市,上班族,素食,中档,家庭聚餐,2025-02-14
U1543,37,女,冷水江市,自由职业者,粤菜,中档,甜品,2025-07-03
U1544,52,女,新化县,医生,素食,高档,家庭聚餐,2025-04-17
U1545,55,男,涟源市,学生,西餐,经济型,学生午餐,2025-10-18
U1546,32,女,涟源市,学生,日韩料理,经济型,学生午餐,2025-09-27
U1547,42,女,双峰县,上班族,快餐,高档,商务宴请,2025-09-21
U1548,58,男,涟源市,教师,粤菜,中档,家庭聚餐,2025-11-28
U1549,24,男,新化县,自由职业者,西餐,中档,周末早餐,2025-05-27
U1550,19,男,涟源市,医生,川菜,高档,夜宵,2025-07-29
U1551,60,男,新化县,教师,川菜,高档,家庭聚餐,2025-02-17
U1552,59,女,冷水江市,医生,日韩料理,高档,商务宴请,2025-06-10
U1553,57,女,涟源市,工程师,日韩料理,高档,商务宴请,2025-04-12
U1554,39,男,涟源市,教师,粤菜,中档,周末午餐,2025-03-30
U1555,22,男,娄星区,工程师,快餐,经济型,学生夜宵,2026-01-23
U1556,50,男,双峰县,自由职业者,湘菜,中档,商务宴请,2025-06-01
U1557,42,女,冷水江市,学生,日韩料理,经济型,学生夜宵,2025-03-20
U1558,47,女,新化县,公务员,粤菜,高档,家庭聚餐,2025-05-10
U1559,19,女,涟源市,公务员,日韩料理,高档,商务聚餐,2025-07-02
U1560,34,男,新化县,学生,川菜,经济型,学生午餐,2025-06-03
U1561,48,女,冷水江市,学生,素食,经济型,学生用餐,2025-06-28
U1562,58,女,双峰县,上班族,小吃,高档,家庭聚餐,2025-11-03
U1563,31,女,冷水江市,医生,川菜,中档,外卖,2025-10-25
U1564,41,女,涟源市,上班族,西餐,中档,商务宴请,2025-08-19
U1565,51,男,涟源市,上班族,川菜,高档,家庭聚餐,2025-07-04
U1566,43,男,新化县,其他,素食,高档,商务聚餐,2025-09-17
U1567,19,女,涟源市,工程师,粤菜,经济型,家庭聚餐,2025-04-20
U1568,39,男,涟源市,工程师,川菜,高档,节日聚餐,2025-10-11
U1569,45,女,娄星区,医生,粤菜,中档,商务聚餐,2025-06-23
U1570,45,男,新化县,工程师,素食,中档,家庭聚餐,2025-10-24
U1571,23,男,涟源市,学生,西餐,经济型,学生夜宵,2025-12-31
U1572,43,男,新化县,自由职业者,日韩料理,高档,商务宴请,2025-06-27
U1573,28,男,冷水江市,其他,快餐,经济型,学生晚餐,2025-08-01
U1574,37,女,涟源市,学生,粤菜,经济型,学生早餐,2025-08-17
U1575,48,男,涟源市,上班族,日韩料理,中档,家庭聚餐,2025-03-13
U1576,26,男,冷水江市,公务员,湘菜,高档,朋友聚会,2025-05-11
U1577,40,女,娄星区,医生,川菜,中档,外卖,2025-08-14
U1578,47,女,娄星区,上班族,湘菜,中档,商务宴请,2025-11-25
U1579,41,男,双峰县,其他,西餐,中档,家庭聚餐,2025-10-29
U1580,21,女,双峰县,其他,小吃,经济型,学生夜宵,2025-11-18
U1581,39,女,冷水江市,上班族,日韩料理,经济型,商务宴请,2025-08-10
U1582,55,男,新化县,自由职业者,西餐,高档,商务宴请,2025-07-06
U1583,48,男,冷水江市,其他,素食,高档,商务宴请,2025-04-22
U1584,51,男,娄星区,公务员,小吃,中档,家庭聚餐,2025-08-24
U1585,20,男,新化县,医生,西餐,经济型,早餐,2025-03-13
U1586,53,女,新化县,自由职业者,快餐,中档,家庭聚餐,2025-10-04
U1587,53,女,冷水江市,公务员,西餐,高档,商务宴请,2026-01-29
U1588,54,男,新化县,教师,素食,高档,家庭聚餐,2025-11-03
U1589,23,女,冷水江市,工程师,日韩料理,中档,商务宴请,2025-10-13
U1590,41,男,新化县,自由职业者,川菜,中档,家庭聚餐,2025-11-09
U1591,21,女,冷水江市,学生,素食,经济型,学生用餐,2025-03-01
U1592,34,男,涟源市,医生,小吃,高档,下午茶,2025-02-26
U1593,31,男,娄星区,医生,湘菜,中档,午餐,2025-03-26
U1594,51,男,涟源市,教师,快餐,中档,家庭聚餐,2025-10-01
U1595,41,女,新化县,教师,湘菜,中档,商务聚餐,2025-07-16
U1596,41,男,冷水江市,自由职业者,川菜,中档,商务宴请,2025-12-30
U1597,18,女,娄星区,工程师,快餐,经济型,户外用餐,2025-12-17
U1598,55,女,涟源市,其他,湘菜,高档,商务聚餐,2025-08-10
U1599,34,女,涟源市,医生,素食,中档,周末晚餐,2025-10-14
U1600,36,女,娄星区,工程师,日韩料理,经济型,学生用餐,2025-02-11
U1601,19,女,双峰县,教师,湘菜,中档,商务宴请,2025-10-25
U1602,59,男,双峰县,其他,湘菜,中档,家庭聚餐,2025-02-18
U1603,29,女,冷水江市,工程师,快餐,经济型,甜品,2025-10-03
U1604,60,女,新化县,其他,粤菜,中档,商务聚餐,2025-09-07
U1605,33,女,新化县,工程师,川菜,高档,工作日晚餐,2025-05-09
U1606,25,女,娄星区,自由职业者,粤菜,高档,学生晚餐,2025-12-07
U1607,47,女,新化县,上班族,日韩料理,高档,商务宴请,2025-04-19
U1608,57,女,涟源市,教师,粤菜,中档,家庭聚餐,2025-06-22
U1609,29,女,双峰县,其他,西餐,高档,情侣约会,2026-01-10
U1610,26,女,涟源市,工程师,快餐,高档,午餐,2025-12-07
U1611,46,男,涟源市,上班族,小吃,中档,商务聚餐,2025-08-27
U1612,57,男,双峰县,公务员,川菜,中档,商务聚餐,2025-05-31
U1613,36,女,涟源市,教师,日韩料理,经济型,学生用餐,2025-07-11
U1614,47,女,新化县,其他,日韩料理,中档,商务宴请,2025-01-30
U1615,60,女,双峰县,公务员,快餐,高档,商务宴请,2025-06-30
U1616,23,女,涟源市,公务员,西餐,经济型,户外用餐,2025-08-12
U1617,60,女,双峰县,上班族,湘菜,高档,商务聚餐,2025-11-18
U1618,52,女,双峰县,其他,粤菜,中档,商务宴请,2025-02-07
U1619,57,男,新化县,教师,快餐,中档,家庭聚餐,2025-05-18
U1620,39,女,冷水江市,教师,湘菜,中档,学生早餐,2025-03-28
U1621,28,男,双峰县,上班族,湘菜,高档,工作日早餐,2025-08-11
U1622,24,女,冷水江市,自由职业者,快餐,中档,早餐,2025-08-09
U1623,56,男,冷水江市,工程师,素食,高档,商务聚餐,2025-10-24
U1624,34,男,冷水江市,上班族,粤菜,高档,户外用餐,2025-04-19
U1625,24,女,涟源市,工程师,粤菜,高档,情侣约会,2025-05-09
U1626,51,男,娄星区,学生,川菜,经济型,学生夜宵,2025-12-03
U1627,48,女,冷水江市,其他,湘菜,高档,商务宴请,2025-07-24
U1628,29,男,新化县,自由职业者,素食,高档,甜品,2025-12-23
U1629,21,女,双峰县,其他,湘菜,经济型,周末午餐,2025-05-23
U1630,22,男,冷水江市,工程师,快餐,中档,情侣约会,2025-08-17
U1631,29,男,娄星区,上班族,粤菜,高档,工作日早餐,2025-09-29
U1632,51,女,新化县,医生,粤菜,高档,商务宴请,2025-07-09
U1633,36,男,涟源市,学生,川菜,经济型,学生午餐,2025-03-26
U1634,50,男,涟源市,医生,粤菜,中档,商务聚餐,2025-12-18
U1635,30,男,冷水江市,学生,湘菜,经济型,学生用餐,2025-06-10
U1636,51,男,涟源市,学生,粤菜,经济型,学生用餐,2025-02-13
U1637,31,女,涟源市,其他,素食,高档,小吃,2025-05-09
U1638,59,女,娄星区,公务员,川菜,高档,家庭聚餐,2025-06-04
U1639,32,女,娄星区,学生,快餐,经济型,学生用餐,2025-11-20
U1640,55,女,双峰县,工程师,川菜,中档,商务聚餐,2025-10-18
U1641,46,女,娄星区,教师,粤菜,高档,商务宴请,2026-01-05
U1642,32,男,双峰县,工程师,湘菜,高档,夜宵,2025-10-18
U1643,26,男,娄星区,公务员,小吃,中档,下午茶,2025-12-20
U1644,55,男,涟源市,自由职业者,日韩料理,中档,商务宴请,2025-08-23
U1645,51,男,涟源市,学生,川菜,经济型,学生夜宵,2025-07-15
U1646,48,男,涟源市,教师,小吃,中档,商务聚餐,2025-08-15
U1647,57,男,双峰县,医生,小吃,中档,家庭聚餐,2025-04-03
U1648,37,女,涟源市,学生,日韩料理,经济型,学生晚餐,2025-08-04
U1649,35,女,涟源市,工程师,素食,中档,周末聚餐,2025-09-30
U1650,51,女,涟源市,学生,西餐,经济型,学生晚餐,2025-10-15
U1651,46,男,娄星区,公务员,川菜,中档,商务聚餐,2025-08-07
U1652,53,男,涟源市,自由职业者,日韩料理,高档,商务宴请,2026-01-17
U1653,30,男,娄星区,上班族,西餐,高档,学生午餐,2025-02-05
U1654,41,男,新化县,教师,小吃,中档,商务聚餐,2025-09-23
U1655,49,男,涟源市,其他,快餐,中档,家庭聚餐,2025-07-01
U1656,58,男,新化县,自由职业者,小吃,高档,商务聚餐,2025-09-09
U1657,55,女,涟源市,学生,湘菜,经济型,学生夜宵,2025-09-20
U1658,55,男,冷水江市,上班族,小吃,中档,商务宴请,2025-11-08
U1659,35,女,冷水江市,自由职业者,快餐,高档,节日聚餐,2025-11-28
U1660,60,女,涟源市,学生,西餐,经济型,学生午餐,2025-04-11
U1661,52,女,娄星区,学生,日韩料理,经济型,学生午餐,2025-10-16
U1662,20,男,新化县,其他,素食,高档,家庭聚餐,2025-05-30
U1663,59,女,新化县,教师,川菜,中档,商务宴请,2025-06-23
U1664,54,女,双峰县,自由职业者,粤菜,高档,商务聚餐,2025-10-26
U1665,23,男,冷水江市,学生,快餐,经济型,学生早餐,2025-10-23
U1666,40,男,娄星区,教师,素食,高档,学生夜宵,2025-12-29
U1667,21,女,涟源市,学生,湘菜,经济型,学生早餐,2025-06-19
U1668,58,女,涟源市,自由职业者,西餐,中档,家庭聚餐,2025-06-28
U1669,57,男,双峰县,公务员,快餐,高档,商务聚餐,2025-11-29
U1670,54,女,新化县,自由职业者,日韩料理,高档,家庭聚餐,2025-05-19
U1671,42,女,娄星区,上班族,湘菜,中档,家庭聚餐,2025-09-30
U1672,42,男,冷水江市,自由职业者,小吃,高档,商务聚餐,2025-10-23
U1673,43,女,娄星区,上班族,日韩料理,中档,商务宴请,2025-09-29
U1674,50,男,冷水江市,学生,小吃,经济型,学生夜宵,2025-03-23
U1675,35,女,冷水江市,工程师,日韩料理,中档,周末午餐,2025-12-15
U1676,35,女,冷水江市,上班族,日韩料理,高档,朋友聚会,2025-04-07
U1677,19,女,双峰县,上班族,湘菜,高档,下午茶,2025-10-18
U1678,18,女,娄星区,教师,日韩料理,中档,甜品,2025-09-08
U1679,50,男,涟源市,上班族,快餐,高档,商务宴请,2025-12-31
U1680,22,女,双峰县,教师,日韩料理,高档,周末晚餐,2025-06-28
U1681,30,女,双峰县,学生,日韩料理,经济型,学生早餐,2025-06-17
U1682,55,男,涟源市,公务员,湘菜,高档,商务宴请,2026-01-16
U1683,18,女,双峰县,工程师,小吃,高档,午餐,2025-09-11
U1684,43,男,涟源市,教师,日韩料理,中档,家庭聚餐,2025-12-31
U1685,36,女,冷水江市,上班族,川菜,高档,甜品,2025-01-30
U1686,54,男,冷水江市,自由职业者,西餐,中档,家庭聚餐,2025-09-13
U1687,23,男,涟源市,其他,湘菜,高档,学生早餐,2025-06-22
U1688,58,女,冷水江市,工程师,川菜,中档,家庭聚餐,2025-07-01
U1689,25,男,新化县,公务员,粤菜,中档,工作日早餐,2025-08-03
U1690,24,男,涟源市,教师,日韩料理,高档,学生晚餐,2025-09-16
U1691,45,女,新化县,工程师,快餐,中档,商务聚餐,2025-12-13
U1692,60,男,冷水江市,医生,粤菜,中档,商务聚餐,2026-01-02
U1693,37,女,娄星区,学生,小吃,经济型,学生晚餐,2025-09-29
U1694,18,女,双峰县,公务员,川菜,高档,工作日早餐,2025-12-18
U1695,59,女,冷水江市,教师,日韩料理,高档,商务聚餐,2025-07-07
U1696,38,女,双峰县,工程师,日韩料理,中档,商务聚餐,2025-09-09
U1697,20,女,双峰县,工程师,粤菜,高档,外卖,2025-03-21
U1698,48,女,娄星区,自由职业者,湘菜,高档,家庭聚餐,2025-03-18
U1699,50,女,娄星区,教师,西餐,高档,商务聚餐,2025-07-14
U1700,60,女,涟源市,工程师,川菜,中档,商务聚餐,2025-04-04
U1701,25,男,娄星区,公务员,日韩料理,中档,朋友聚会,2025-11-03
U1702,25,男,双峰县,上班族,小吃,经济型,外卖,2026-01-05
U1703,51,女,双峰县,医生,快餐,高档,商务宴请,2025-09-27
U1704,34,男,冷水江市,医生,川菜,高档,家庭聚餐,2025-03-19
U1705,28,男,双峰县,工程师,川菜,经济型,节日聚餐,2026-01-08
U1706,47,女,双峰县,公务员,小吃,高档,家庭聚餐,2025-12-12
U1707,25,男,新化县,医生,西餐,中档,亲子聚餐,2025-02-15
U1708,56,女,双峰县,自由职业者,日韩料理,高档,商务聚餐,2025-12-04
U1709,48,女,涟源市,公务员,粤菜,高档,商务宴请,2025-10-14
U1710,56,男,冷水江市,其他,小吃,高档,商务宴请,2025-05-04
U1711,57,女,娄星区,其他,湘菜,高档,商务宴请,2025-03-15
U1712,41,男,娄星区,上班族,湘菜,高档,商务聚餐,2025-03-27
U1713,40,男,冷水江市,工程师,素食,高档,学生夜宵,2025-10-12
U1714,60,男,新化县,教师,快餐,中档,商务聚餐,2025-05-09
U1715,29,女,涟源市,自由职业者,素食,高档,学生用餐,2025-04-06
U1716,18,男,娄星区,自由职业者,西餐,高档,工作日早餐,2025-05-01
U1717,35,男,新化县,其他,湘菜,高档,工作日早餐,2025-02-26
U1718,55,女,双峰县,公务员,粤菜,高档,商务聚餐,2025-12-01
U1719,46,女,新化县,工程师,素食,中档,家庭聚餐,2025-06-09
U1720,37,男,双峰县,上班族,快餐,经济型,外卖,2025-11-12
U1721,36,男,新化县,公务员,快餐,经济型,工作日午餐,2026-01-05
U1722,46,女,娄星区,医生,西餐,高档,商务聚餐,2025-06-19
U1723,24,男,双峰县,教师,湘菜,高档,工作日早餐,2025-02-02
U1724,44,男,双峰县,学生,粤菜,经济型,学生早餐,2025-10-22
U1725,21,女,娄星区,学生,素食,经济型,学生早餐,2025-12-11
U1726,31,女,双峰县,工程师,粤菜,中档,亲子聚餐,2025-12-26
U1727,53,男,新化县,教师,日韩料理,中档,商务宴请,2026-01-03
U1728,59,男,娄星区,自由职业者,粤菜,高档,家庭聚餐,2025-12-01
U1729,25,男,娄星区,教师,快餐,经济型,商务聚餐,2025-03-26
U1730,49,女,涟源市,上班族,素食,中档,商务聚餐,2025-10-16
U1731,23,女,双峰县,自由职业者,日韩料理,中档,户外用餐,2025-05-31
U1732,53,女,双峰县,公务员,西餐,中档,家庭聚餐,2025-07-29
U1733,25,女,冷水江市,工程师,川菜,中档,亲子聚餐,2025-08-09
U1734,50,女,娄星区,公务员,素食,高档,家庭聚餐,2025-12-19
U1735,38,男,娄星区,其他,川菜,高档,外卖,2025-03-21
U1736,57,女,新化县,上班族,日韩料理,高档,商务宴请,2025-04-24
U1737,60,女,新化县,其他,川菜,中档,商务聚餐,2025-09-07
U1738,60,男,双峰县,医生,西餐,高档,商务聚餐,2025-09-19
U1739,38,男,娄星区,医生,湘菜,经济型,工作日午餐,2025-02-16
U1740,38,女,新化县,其他,快餐,高档,家庭聚餐,2025-04-07
U1741,27,女,新化县,上班族,粤菜,高档,学生夜宵,2025-03-22
U1742,26,女,双峰县,公务员,西餐,高档,商务宴请,2025-04-10
U1743,39,女,双峰县,医生,小吃,中档,学生午餐,2025-03-03
U1744,22,女,新化县,其他,西餐,高档,工作日早餐,2025-02-17
U1745,46,女,冷水江市,学生,小吃,经济型,学生早餐,2025-07-17
U1746,49,男,冷水江市,学生,粤菜,经济型,学生用餐,2025-12-07
U1747,28,女,娄星区,其他,素食,高档,工作日早餐,2025-11-02
U1748,26,男,新化县,教师,素食,中档,商务宴请,2025-03-18
U1749,32,男,娄星区,教师,粤菜,高档,亲子聚餐,2025-09-05
U1750,24,女,双峰县,工程师,西餐,高档,学生午餐,2025-12-12
U1751,51,女,冷水江市,医生,西餐,中档,商务聚餐,2025-03-12
U1752,54,女,双峰县,自由职业者,日韩料理,高档,商务宴请,2025-02-04
U1753,43,男,冷水江市,上班族,素食,高档,商务宴请,2025-10-05
U1754,30,男,娄星区,工程师,粤菜,中档,户外用餐,2025-05-20
U1755,19,女,双峰县,上班族,川菜,经济型,商务宴请,2025-10-09
U1756,21,女,冷水江市,其他,日韩料理,中档,商务宴请,2025-06-28
U1757,29,女,涟源市,自由职业者,素食,经济型,小吃,2025-10-28
U1758,43,女,冷水江市,学生,小吃,经济型,学生夜宵,2025-03-27
U1759,20,男,冷水江市,学生,川菜,经济型,学生晚餐,2025-12-19
U1760,57,男,新化县,教师,湘菜,高档,商务宴请,2025-04-13
U1761,53,女,双峰县,学生,快餐,经济型,学生晚餐,2025-09-12
U1762,40,男,新化县,自由职业者,日韩料理,中档,学生早餐,2025-06-28
U1763,45,女,娄星区,自由职业者,小吃,中档,商务聚餐,2025-06-05
U1764,23,男,双峰县,公务员,湘菜,高档,周末晚餐,2026-01-11
U1765,48,男,双峰县,公务员,川菜,中档,商务聚餐,2025-04-18
U1766,42,男,双峰县,其他,西餐,中档,家庭聚餐,2025-08-09
U1767,35,女,新化县,自由职业者,西餐,经济型,周末午餐,2025-03-23
U1768,32,女,娄星区,医生,日韩料理,经济型,学生午餐,2025-04-21
U1769,51,男,冷水江市,医生,小吃,中档,家庭聚餐,2025-12-10
U1770,48,男,新化县,教师,川菜,高档,家庭聚餐,2025-07-14
U1771,60,男,涟源市,医生,快餐,中档,家庭聚餐,2025-02-25
U1772,46,男,冷水江市,自由职业者,湘菜,高档,商务聚餐,2025-04-28
U1773,55,女,冷水江市,上班族,小吃,中档,家庭聚餐,2026-01-03
U1774,30,女,涟源市,自由职业者,粤菜,经济型,周末聚餐,2025-07-18
U1775,55,男,双峰县,自由职业者,小吃,高档,商务宴请,2025-09-18
U1776,23,男,娄星区,医生,素食,中档,户外用餐,2025-02-28
U1777,27,男,冷水江市,医生,快餐,高档,周末晚餐,2025-05-08
U1778,39,男,冷水江市,公务员,粤菜,高档,学生用餐,2025-10-20
U1779,53,女,双峰县,自由职业者,快餐,高档,家庭聚餐,2025-06-19
U1780,59,女,新化县,上班族,素食,中档,商务宴请,2026-01-21
U1781,46,女,新化县,其他,西餐,中档,商务宴请,2025-08-24
U1782,27,女,双峰县,医生,快餐,中档,周末早餐,2025-12-21
U1783,51,男,新化县,公务员,川菜,高档,商务聚餐,2025-07-31
U1784,22,男,冷水江市,其他,川菜,经济型,商务聚餐,2025-06-17
U1785,60,男,娄星区,上班族,素食,高档,商务聚餐,2025-07-08
U1786,41,女,涟源市,其他,湘菜,中档,家庭聚餐,2025-04-17
U1787,57,男,新化县,公务员,西餐,高档,家庭聚餐,2025-04-24
U1788,26,女,涟源市,公务员,小吃,中档,学生午餐,2025-03-29
U1789,20,女,冷水江市,工程师,西餐,高档,商务宴请,2025-02-02
U1790,19,女,新化县,工程师,日韩料理,经济型,学生晚餐,2025-06-12
U1791,24,男,双峰县,学生,素食,经济型,学生午餐,2025-09-29
U1792,49,男,涟源市,公务员,小吃,高档,家庭聚餐,2026-01-27
U1793,39,男,冷水江市,医生,粤菜,经济型,甜品,2025-12-29
U1794,60,女,涟源市,教师,素食,高档,商务聚餐,2025-12-10
U1795,43,男,双峰县,上班族,粤菜,高档,商务宴请,2025-09-20
U1796,40,男,双峰县,学生,日韩料理,经济型,学生用餐,2025-12-06
U1797,58,男,涟源市,学生,小吃,经济型,学生用餐,2025-05-27
U1798,55,女,娄星区,教师,粤菜,中档,家庭聚餐,2025-04-08
U1799,42,男,冷水江市,其他,西餐,高档,商务宴请,2026-01-25
U1800,47,女,娄星区,其他,日韩料理,高档,商务聚餐,2025-11-17
